question,category,answer,context
Doanh nghiệp được khấu trừ thuế giá trị gia tăng đầu vào khi đáp ứng những điều kiện nào?,,"Dựa trên các văn bản pháp luật được cung cấp trong context, điều kiện để doanh nghiệp được khấu trừ thuế giá trị gia tăng (GTGT) đầu vào được quy định như sau:

### 1. Phạm vi áp dụng và trạng thái hiệu lực của văn bản
Các quy định về điều kiện khấu trừ thuế GTGT đầu vào dưới đây được trích dẫn từ:
*   **Thông tư số 219/2013/TT-BTC** (Điều 15) và **Thông tư số 26/2015/TT-BTC** (Điều 15 - sửa đổi, bổ sung Điều 15 Thông tư số 219/2013/TT-BTC).
*   *Lưu ý về hiệu lực:* Cả hai văn bản này đều được ghi nhận trong context là **""Hết hiệu lực một phần""**. Do đó, các điều kiện dưới đây áp dụng cho các kỳ tính thuế thuộc giai đoạn hiệu lực của các văn bản này và có thể đã có những thay đổi, bổ sung ở các văn bản cập nhật mới nhất chưa được thể hiện toàn bộ trong context.

---

### 2. Các điều kiện khấu trừ thuế GTGT đầu vào cụ thể
Để được khấu trừ thuế GTGT đầu vào, doanh nghiệp phải đáp ứng đồng thời các điều kiện sau:

#### Điều kiện 1: Có hóa đơn, chứng từ hợp pháp
Doanh nghiệp phải có một trong các loại giấy tờ sau:
*   Có hóa đơn giá trị gia tăng hợp pháp của hàng hóa, dịch vụ mua vào.
*   Hoặc có chứng từ nộp thuế giá trị gia tăng khâu nhập khẩu.
*   Hoặc có chứng từ nộp thuế GTGT thay cho phía nước ngoài theo hướng dẫn của Bộ Tài chính (áp dụng đối với các tổ chức nước ngoài không có tư cách pháp nhân Việt Nam và cá nhân nước ngoài kinh doanh hoặc có thu nhập phát sinh tại Việt Nam).

*(Khoản 1 Điều 15 Thông tư số 219/2013/TT-BTC và Khoản 1 Điều 15 Thông tư số 26/2015/TT-BTC)*

#### Điều kiện 2: Có chứng từ thanh toán không dùng tiền mặt
*   **Phạm vi áp dụng:** Áp dụng đối với hàng hóa, dịch vụ mua vào (bao gồm cả hàng hóa nhập khẩu) có giá trị **từ hai mươi triệu đồng trở lên**.
*   **Ngoại trừ:** Trường hợp tổng giá trị hàng hóa, dịch vụ mua vào từng lần theo hóa đơn dưới hai mươi triệu đồng theo giá đã có thuế GTGT.
*   **Hình thức chứng từ:** Chứng từ thanh toán không dùng tiền mặt gồm chứng từ thanh toán qua ngân hàng và các chứng từ thanh toán không dùng tiền mặt khác theo quy định.

*(Khoản 2 Điều 15 Thông tư số 219/2013/TT-BTC và Khoản 2 Điều 15 Thông tư số 26/2015/TT-BTC)*

---

### 3. Lưu ý bổ sung từ context
*   **Nguyên tắc hóa đơn chứng từ:** Theo quyết định thí điểm cũ hơn (Quyết định số 468/TC-QĐ-TCT, Điều 7 - trạng thái Còn hiệu lực nhưng mang tính chất thí điểm lịch sử): *""Nếu không có hoá đơn chứng từ hợp lý hợp lệ thì không được khấu trừ thuế.""*
*   **Hồ sơ đối với hàng hóa bị tổn thất:** Trong trường hợp hàng hóa bị tổn thất không được bồi thường (thiên tai, hỏa hoạn, hao hụt tự nhiên, quá hạn sử dụng phải tiêu hủy...) muốn được khấu trừ thuế GTGT đầu vào thì *""Cơ sở kinh doanh phải có đầy đủ hồ sơ, tài liệu chứng minh các trường hợp tổn thất không được bồi thường để khấu trừ thuế""* (Khoản 1 Điều 14 Thông tư số 219/2013/TT-BTC).

*Do context được cung cấp có các văn bản đã ""Hết hiệu lực một phần"", người đọc cần đối chiếu thêm với các văn bản hợp nhất hoặc thông tư hướng dẫn về thuế GTGT hiện hành mới nhất để cập nhật các sửa đổi bổ sung chi tiết về chứng từ thanh toán không dùng tiền mặt.*","[NGỮ CẢNH PHÁP LÝ ĐƯỢC CUNG CẤP]

--- Trích dẫn 1 ---
- Văn bản: Hướng dẫn thi hành Luật Thuế giá trị gia tăng và Nghị định số 209/2013/NĐ-CP ngày 18/12/2013 của Chính phủ quy định chi tiết và hướng dẫn thi hành một số điều Luật Thuế giá trị gia tăng (Số: 219/2013/TT-BTC)
- Trạng thái: Hết hiệu lực một phần
- Điều/Khoản: Điều 14
- Nội dung: ""[Hướng dẫn thi hành Luật Thuế giá trị gia tăng và Nghị định số 209/2013/NĐ-CP ngày 18/12/2013 của Chính phủ quy định chi tiết và hướng dẫn thi hành một số điều Luật Thuế giá trị gia tăng > Phần X > Chương III > Mục 1]
Nguyên tắc khấu trừ thuế giá trị gia tăng đầu vào 1. Thuế GTGT đầu vào của hàng hóa, dịch vụ dùng cho sản xuất, kinh doanh hàng hóa, dịch vụ chịu thuế GTGT được khấu trừ toàn bộ, kể cả thuế GTGT đầu vào không được bồi thường của hàng hóa chịu thuế GTGT bị tổn thất. Các trường hợp tổn thất không được bồi thường được khấu trừ thuế GTGT đầu vào gồm: thiên tai, hỏa hoạn, các trường hợp tổn thất không được bảo hiểm bồi thường, hàng hóa mất phẩm chất, quá hạn sử dụng phải tiêu hủy. Cơ sở kinh doanh phải có đầy đủ hồ sơ, tài liệu chứng minh các trường hợp tổn thất không được bồi thường để khấu trừ thuế. Trường hợp hàng hóa có hao hụt tự nhiên do tính chất lý hóa trong quá trình vận chuyển, bơm rót như xăng, dầu… thì được kê khai, khấu trừ số thuế GTGT đầu vào của số lượng hàng h...""

--- Trích dẫn 2 ---
- Văn bản: Hướng dẫn về thuế gỉá trị gia tăng và quản lý thuế tai Nghị đinh số 12/2015/NĐ-CP ngày 12 tháng 2 năm 2015 của Chính phủ quy định chi tỉết thi hành Luật sửa đổi, bổ sung một số điều của các Luật về thuế và sửa đổi, bổ sung một số điều của các Nghị định về thuế và sửa đổỉ, bổ sung môt số điều của Thồng tư số 39/2014/TT-BTC ngày 31/3/2014 của Bộ Tài chính về hóa đơn bán hàng hóa, cung ứng dịch vụ (Số: 26/2015/TT-BTC)
- Trạng thái: Hết hiệu lực một phần
- Điều/Khoản: Điều 15
- Nội dung: ""[Hướng dẫn về thuế gỉá trị gia tăng và quản lý thuế tai Nghị đinh số 12/2015/NĐ-CP ngày 12 tháng 2 năm 2015 của Chính phủ quy định chi tỉết thi hành Luật sửa đổi, bổ sung một số điều của các Luật về thuế và sửa đổi, bổ sung một số điều của các Nghị định về thuế và sửa đổỉ, bổ sung môt số điều của Thồng tư số 39/2014/TT-BTC ngày 31/3/2014 của Bộ Tài chính về hóa đơn bán hàng hóa, cung ứng dịch vụ]
Điều kiện khấu trừ thuế giá trị gia tăng đầu vào 1. Có hóa đơn giá trị gia tăng hợp pháp của hàng hóa, dịch vụ mua vào hoặc chứng từ nộp thuế giá trị gia tăng khâu nhập khẩu hoặc chứng từ nộp thuế GTGT thay cho phía nước ngoài theo hướng dẫn của Bộ Tài chính áp dụng đối với các tổ chức nước ngoài không có tư cách pháp nhân Việt Nam và cá nhân nước ngoài kinh doanh hoặc có thu nhập phát sinh tại Việt Nam. 2. Có chứng từ thanh toán không dùng tiền mặt đối với hàng hóa, dịch vụ mua vào (bao gồm cả hàng hóa nhập khẩu) từ hai mươi triệu đồng trở lên, trừ các trường hợp giá trị hàng hóa, dịch vụ nhậ...""

--- Trích dẫn 3 ---
- Văn bản: Hướng dẫn thi hành Luật Thuế giá trị gia tăng và Nghị định số 209/2013/NĐ-CP ngày 18/12/2013 của Chính phủ quy định chi tiết và hướng dẫn thi hành một số điều Luật Thuế giá trị gia tăng (Số: 219/2013/TT-BTC)
- Trạng thái: Hết hiệu lực một phần
- Điều/Khoản: Điều 15
- Nội dung: ""[Hướng dẫn thi hành Luật Thuế giá trị gia tăng và Nghị định số 209/2013/NĐ-CP ngày 18/12/2013 của Chính phủ quy định chi tiết và hướng dẫn thi hành một số điều Luật Thuế giá trị gia tăng > Phần X > Chương III > Mục 1]
Điều kiện khấu trừ thuế giá trị gia tăng đầu vào 1. Có hóa đơn giá trị gia tăng hợp pháp của hàng hóa, dịch vụ mua vào hoặc chứng từ nộp thuế giá trị gia tăng khâu nhập khẩu hoặc chứng từ nộp thuế GTGT thay cho phía nước ngoài theo hướng dẫn của Bộ Tài chính áp dụng đối với các tổ chức nước ngoài không có tư cách pháp nhân Việt Nam và cá nhân nước ngoài kinh doanh hoặc có thu nhập phát sinh tại Việt Nam. 2. Có chứng từ thanh toán không dùng tiền mặt đối với hàng hóa, dịch vụ mua vào (bao gồm cả hàng hóa nhập khẩu) từ hai mươi triệu đồng trở lên, trừ trường hợp tổng giá trị hàng hóa, dịch vụ mua vào từng lần theo hóa đơn dưới hai mươi triệu đồng theo giá đã có thuế GTGT. Chứng từ thanh toán không dùng tiền mặt gồm chứng từ thanh toán qua ngân hàng và chứng từ thanh toán kh...""

--- Trích dẫn 4 ---
- Văn bản: Hướng dẫn thi hành Luật Thuế giá trị gia tăng và Nghị định số 209/2013/NĐ-CP ngày 18/12/2013 của Chính phủ quy định chi tiết và hướng dẫn thi hành một số điều Luật Thuế giá trị gia tăng (Số: 219/2013/TT-BTC)
- Trạng thái: Hết hiệu lực một phần
- Điều/Khoản: Điều 12
- Nội dung: ""[Hướng dẫn thi hành Luật Thuế giá trị gia tăng và Nghị định số 209/2013/NĐ-CP ngày 18/12/2013 của Chính phủ quy định chi tiết và hướng dẫn thi hành một số điều Luật Thuế giá trị gia tăng > Phần X > Mục 2]
Phương pháp khấu trừ thuế 1. Phương pháp khấu trừ thuế áp dụng đối với cơ sở kinh doanh thực hiện đầy đủ chế độ kế toán, hóa đơn, chứng từ theo quy định của pháp luật về kế toán, hóa đơn, chứng từ bao gồm: a) Cơ sở kinh doanh đang hoạt động có doanh thu hàng năm từ bán hàng hóa, cung ứng dịch vụ từ một tỷ đồng trở lên và thực hiện đầy đủ chế độ kế toán, hóa đơn, chứng từ theo quy định của pháp luật về kế toán, hóa đơn, chứng từ, trừ hộ, cá nhân kinh doanh nộp thuế theo phương pháp tính trực tiếp hướng dẫn tại Điều 13 Thông tư này; b) Cơ sở kinh doanh đăng ký tự nguyện áp dụng phương pháp khấu trừ thuế, trừ hộ, cá nhân kinh doanh nộp thuế theo phương pháp tính trực tiếp hướng dẫn tại Điều 13 Thông tư này; c) Tổ chức, cá nhân nước ngoài cung cấp hàng hóa, dịch vụ để tiến hành hoạt động ...""

--- Trích dẫn 5 ---
- Văn bản: Về việc thí điểm thu thuế trị giá gia tăng (viết tắt là TVA) (Số: 468/TC-QĐ-TCT)
- Trạng thái: Còn hiệu lực
- Điều/Khoản: Điều 7
- Nội dung: ""[Về việc thí điểm thu thuế trị giá gia tăng (viết tắt là TVA) > Chương II]
Số thuế trị giá gia tăng đã nộp ở khâu trước được khấu trừ là số thuế trị giá gia tăng do đơn vị bán vật tư hàng hoá đã nộp được ghi trên hoá đơn bán hàng do đơn vị mua về nhập kho trong kỳ để phục vụ sản xuất, kinh doanh.Trường hợp mua vật tư, hàng hoá của cơ sở kinh doanh chưa thực hiện thí điểm thuế trị giá gia tăng, số thuế được khấu trừ ở khâu trước được tính bằng giá mua theo chứng từ hoá đơn mua vật tư hàng hoá nhân (x) với thuế suất thuế doanh thu của vật tư hàng hoá đó; trường hợp không xác định được mức thuế cụ thể, được tính trừ thuế theo mức tối đa không quá 5%. Xác định mức thuế được tính trừ cụ thể căn cứ vào số thuế trị giá gia tăng phải nộp của đơn vị nộp thuế không được thấp hơn mức thuế doanh thu phải nộp theo chế độ thuế doanh thu hiện hành. Nếu không có hoá đơn chứng từ hợp lý hợp lệ thì không được khấu trừ thuế.Vật tư hàng hoá mua vào được trừ thuế trị giá gia tăng hoặc thuế doanh thu đã nộp..."""
Những trường hợp nào được hoàn thuế giá trị gia tăng?,,"Dựa vào các văn bản pháp luật được cung cấp trong context, các trường hợp được hoàn thuế giá trị gia tăng (GTGT) được quy định cụ thể theo từng phạm vi áp dụng, đối tượng và thời kỳ như sau:

### 1. Các trường hợp chung thuộc diện hoàn thuế GTGT
*   **Nội dung:** Tổ chức, cá nhân thuộc diện được hoàn thuế giá trị gia tăng theo quy định của Luật thuế giá trị gia tăng.
*   **Văn bản áp dụng:** Điều 57 Khoản 1, Luật Quản lý thuế (Số: 78/2006/QH11).
*   **Trạng thái hiệu lực:** Văn bản này được ghi nhận là **Hết hiệu lực một phần**.

### 2. Trường hợp hoàn thuế GTGT đối với cơ sở kinh doanh và dự án đầu tư
*   **Nội dung:** 
    *   Cơ sở kinh doanh nộp thuế GTGT theo phương pháp khấu trừ thuế nếu có số thuế GTGT đầu vào chưa được khấu trừ hết trong tháng (đối với kê khai theo tháng) hoặc trong quý (đối với kê khai theo quý) thì được khấu trừ vào kỳ tiếp theo.
    *   Cơ sở kinh doanh mới thành lập từ dự án đầu tư đã đăng ký kinh doanh, đăng ký nộp thuế GTGT theo phương pháp khấu trừ, hoặc dự án tìm kiếm thăm dò và phát triển mỏ dầu khí đang trong giai đoạn đầu tư, chưa đi vào hoạt động, nếu thời gian đầu tư từ 01 năm trở lên thì được hoàn thuế GTGT của hàng hóa, dịch vụ sử dụng cho đầu tư theo từng năm (trừ một số trường hợp ngoại lệ theo quy định).
*   **Văn bản áp dụng:** Điều 10 Khoản 1 và Khoản 2 điểm a, Nghị định số 100/2016/NĐ-CP quy định chi tiết và hướng dẫn thi hành một số điều của Luật sửa đổi, bổ sung một số điều của Luật thuế giá trị gia tăng, Luật thuế tiêu thụ đặc biệt và Luật quản lý thuế.
*   **Trạng thái hiệu lực:** Văn bản này được ghi nhận là **Hết hiệu lực một phần**.

### 3. Trường hợp hoàn thuế GTGT đối với Tập đoàn Điện lực Việt Nam (EVN)
*   **Nội dung:** Trường hợp EVN có dự án đầu tư cơ sở sản xuất mới tại địa bàn tỉnh, thành phố trực thuộc Trung ương khác với nơi đóng trụ sở chính, trong giai đoạn đầu tư chưa đi vào hoạt động, chưa đăng ký kinh doanh, có quyết định thành lập các Ban quản lý dự án để thay mặt EVN quản lý dự án đầu tư. 
    *   *Điều kiện hoàn thuế:* Ban quản lý dự án có con dấu, lưu giữ sổ sách chứng từ kế toán, có tài khoản tiền gửi ngân hàng, đã đăng ký thuế và được cấp mã số thuế phụ thuộc, và có số thuế GTGT của hàng hóa, dịch vụ mua vào sử dụng cho dự án đầu tư từ **200 triệu đồng trở lên**. Ban quản lý dự án sẽ kê khai lập hồ sơ hoàn thuế GTGT riêng với cơ quan thuế địa phương nơi đăng ký thuế.
*   **Văn bản áp dụng:** Điều 7 Khoản 1, Thông tư số 47/2011/TT-BTC hướng dẫn một số nội dung về thuế giá trị gia tăng đối với hoạt động sản xuất kinh doanh điện.
*   **Trạng thái hiệu lực:** **Còn hiệu lực**.

### 4. Trường hợp hoàn thuế GTGT đối với các cơ quan ngoại giao, tổ chức quốc tế
*   **Nội dung:** Thực hiện ưu đãi miễn trừ về thuế GTGT (dưới hình thức hoàn thuế GTGT) đối với cơ quan đại diện ngoại giao, cơ quan lãnh sự và cơ quan đại diện của tổ chức quốc tế tại Việt Nam.
*   **Văn bản áp dụng:** Điều 1, Thông tư số 08/2003/TT-BTC hướng dẫn thực hiện hoàn thuế giá trị gia tăng đối với cơ quan đại diện ngoại giao, cơ quan lãnh sự và cơ quan đại diện của tổ chức quốc tế tại Việt Nam.
*   **Trạng thái hiệu lực:** **Còn hiệu lực**.

---
**Lưu ý về giới hạn của Context:** 
Context được cung cấp chứa một số văn bản đã **hết hiệu lực một phần** (như Luật Quản lý thuế số 78/2006/QH11 và Nghị định số 100/2016/NĐ-CP) và các văn bản hướng dẫn cho các đối tượng đặc thù (như ngành điện lực, cơ quan ngoại giao). Do đó, thông tin trên chỉ phản ánh các trường hợp hoàn thuế GTGT được ghi nhận trong phạm vi tài liệu được cung cấp, chưa phải là toàn bộ các trường hợp hoàn thuế GTGT theo quy định pháp luật hiện hành toàn diện nhất của Việt Nam.","[NGỮ CẢNH PHÁP LÝ ĐƯỢC CUNG CẤP]

--- Trích dẫn 1 ---
- Văn bản: Quy định chi tiết và hướng dẫn thi hành một số điều của Luật sửa đổi, bổ sung một số điều của Luật thuế giá trị gia tăng, Luật thuế tiêu thụ đặc biệt và Luật quản lý thuế (Số: 100/2016/NĐ-CP)
- Trạng thái: Hết hiệu lực một phần
- Điều/Khoản: Điều 10
- Nội dung: ""[Quy định chi tiết và hướng dẫn thi hành một số điều của Luật sửa đổi, bổ sung một số điều của Luật thuế giá trị gia tăng, Luật thuế tiêu thụ đặc biệt và Luật quản lý thuế]
Hoàn thuế giá trị gia tăng 1. Cơ sở kinh doanh nộp thuế giá trị gia tăng theo phương pháp khấu trừ thuế nếu có số thuế giá trị gia tăng đầu vào chưa được khấu trừ hết trong tháng (đối với trường hợp kê khai theo tháng) hoặc trong quý (đối với trường hợp kê khai theo quý) thì được khấu trừ vào kỳ tiếp theo. 2. Cơ sở kinh doanh được hoàn thuế đối với dự án đầu tư như sau: a) Cơ sở kinh doanh mới thành lập từ dự án đầu tư đã đăng ký kinh doanh, đăng ký nộp thuế giá trị gia tăng theo phương pháp khấu trừ, hoặc dự án tìm kiếm thăm dò và phát triển mỏ dầu khí đang trong giai đoạn đầu tư, chưa đi vào hoạt động, nếu thời gian đầu tư từ 01 năm trở lên thì được hoàn thuế giá trị gia tăng của hàng hóa, dịch vụ sử dụng cho đầu tư theo từng năm, trừ trường hợp quy định tại điểm c khoản này. Trường hợp, nếu số thuế giá trị gia tă...""

--- Trích dẫn 2 ---
- Văn bản: Quản lý thuế (Số: 78/2006/QH11)
- Trạng thái: Hết hiệu lực một phần
- Điều/Khoản: Điều 57
- Nội dung: ""[Quản lý thuế > Chương VII]
Các trường hợp thuộc diện hoàn thuế Cơ quan quản lý thuế thực hiện hoàn thuế đối với các trường hợp sau đây: 1. Tổ chức, cá nhân thuộc diện được hoàn thuế giá trị gia tăng theo quy định của Luật thuế giá trị gia tăng; 2. Tổ chức, cá nhân thuộc diện được hoàn thuế xuất khẩu, thuế nhập khẩu theo quy định của Luật thuế xuất khẩu, thuế nhập khẩu; 3. Cá nhân thuộc diện được hoàn thuế thu nhập cá nhân theo quy định của pháp luật về thuế thu nhập cá nhân; 4. Tổ chức, cá nhân kinh doanh thuộc diện được hoàn thuế tiêu thụ đặc biệt theo quy định của Luật thuế tiêu thụ đặc biệt; 5. Tổ chức, cá nhân nộp các loại thuế khác có số tiền thuế đã nộp vào ngân sách nhà nước lớn hơn số tiền thuế phải nộp""

--- Trích dẫn 3 ---
- Văn bản: Hướng dẫn một số nội dung về thuế giá trị  gia tăng đối với hoạt động sản xuất kinh doanh điện (Số: 47/2011/TT-BTC)
- Trạng thái: Còn hiệu lực
- Điều/Khoản: Điều 7
- Nội dung: ""[Hướng dẫn một số nội dung về thuế giá trị  gia tăng đối với hoạt động sản xuất kinh doanh điện > Chương II]
Hoàn thuế GTGT đối với Tập đoàn Điện lực Việt Nam 1. Về việc hoàn thuế GTGT đối với các dự án đầu tư.Trường hợp Tập đoàn Điện lực Việt Nam (EVN) có dự án đầu tư cơ sở sản xuất mới tại địa bàn tỉnh, thành phố trực thuộc Trung ương khác với tỉnh, thành phố nơi đóng trụ sở chính, trong giai đoạn đầu tư chưa đi vào hoạt động chưa đăng ký kinh doanh, có quyết định thành lập các Ban quản lý dự án để thay mặt EVN quản lý dự án đầu tư, Ban quản lý dự án có con dấu theo quy định của pháp luật, lưu giữ sổ sách chứng từ theo quy định của pháp luật về kế toán, có tài khoản tiền gửi tại ngân hàng, đã đăng ký thuế và được cấp mã số thuế phụ thuộc, nếu có số thuế GTGT của hàng hóa, dịch vụ mua vào sử dụng cho dự án đầu tư từ 200 triệu đồng trở lên thì được hoàn thuế.Ban quản lý dự án kê khai lập hồ sơ hoàn thuế GTGT riêng với cơ quan thuế địa phương nơi đăng ký thuế (trừ các Ban quản lý dự án ...""

--- Trích dẫn 4 ---
- Văn bản: Thuế xuất khẩu, thuế nhập khẩu (Số: 107/2016/QH13)
- Trạng thái: Hết hiệu lực một phần
- Điều/Khoản: Điều 19
- Nội dung: ""[Thuế xuất khẩu, thuế nhập khẩu > Chương IV]
Hoàn thuế 1. Các trường hợp hoàn thuế: a) Người nộp thuế đã nộp thuế nhập khẩu, thuế xuất khẩu nhưng không có hàng hóa nhập khẩu, xuất khẩu hoặc nhập khẩu, xuất khẩu ít hơn so với hàng hóa nhập khẩu, xuất khẩu đã nộp thuế; b) Người nộp thuế đã nộp thuế xuất khẩu nhưng hàng hóa xuất khẩu phải tái nhập được hoàn thuế xuất khẩu và không phải nộp thuế nhập khẩu; c) Người nộp thuế đã nộp thuế nhập khẩu nhưng hàng hóa nhập khẩu phải tái xuất được hoàn thuế nhập khẩu và không phải nộp thuế xuất khẩu; d) Người nộp thuế đã nộp thuế đối với hàng hóa nhập khẩu để sản xuất, kinh doanh nhưng đã đưa vào sản xuất hàng hóa xuất khẩu và đã xuất khẩu sản phẩm; đ) Người nộp thuế đã nộp thuế đối với máy móc, thiết bị, dụng cụ, phương tiện vận chuyển của các tổ chức, cá nhân được phép tạm nhập, tái xuất, trừ trường hợp đi thuê để thực hiện các dự án đầu tư, thi công xây dựng, lắp đặt công trình, phục vụ sản xuất, khi tái xuất ra nước ngoài hoặc xuất vào khu phi ...""

--- Trích dẫn 5 ---
- Văn bản: Hướng dẫn thực hiện hoàn thuế giá trị gia tăng đối với cơ quan đại diện ngoại giao, cơ quan lãnh sự và cơ quan đại diện của tổ chức quốc tế tại Việt Nam. (Số: 08/2003/TT-BTC)
- Trạng thái: Còn hiệu lực
- Điều/Khoản: Điều 1
- Nội dung: ""[Hướng dẫn thực hiện hoàn thuế giá trị gia tăng đối với cơ quan đại diện ngoại giao, cơ quan lãnh sự và cơ quan đại diện của tổ chức quốc tế tại Việt Nam.]
- THÔNG TƯ Hướng dẫn thực hiện hoàn thuế giá trị gia tăng (GTGT) đối với cơ quan đại diện ngoại giao, cơ quan lãnh sự và cơ quan đại diện của tổ chức quốc tế tại Việt Nam _ *Căn cứ Luật thuế GTGT số 02/1997/QH9 ngày 10/5/1997;* *Căn cứ Nghị định số 76/2002/NĐ-CP ngày 13/9/2002 của Chính phủ về việc sửa đổi bổ sung một số điều của Nghị định 79/2000/NĐ-CP ngày 29/12/2000 của Chính phủ qui định chi tiết thi hành Luật thuế GTGT;* *Căn cứ Nghị định số 73/CP ngày 30/7/1994 của Chính phủ qui định chi tiết thi hành Pháp lệnh về quyền ưu đãi, miễn trừ dành cho cơ quan đại diện ngoại giao, cơ quan lãnh sự nước ngoài và cơ quan đại diện của tổ chức quốc tế tại Việt Nam;* *Bộ Tài chính hướng dẫn thực hiện ưu đãi miễn trừ về thuế GTGT đối với cơ quan đại diện ngoại giao, cơ quan lãnh sự và cơ quan đại diện của tổ chức quốc tế tại Việt Nam như sa..."""
Doanh nghiệp phải đăng ký thuế trong thời hạn bao lâu kể từ ngày được cấp giấy chứng nhận đăng ký doanh nghiệp?,,"Dựa trên các văn bản pháp luật được cung cấp trong context, câu hỏi của bạn được giải đáp như sau:

**1. Thời hạn đăng ký thuế:**
Doanh nghiệp phải đăng ký thuế trong thời hạn **mười (10) ngày làm việc**, kể từ ngày được cấp giấy chứng nhận đăng ký kinh doanh (nay là giấy chứng nhận đăng ký doanh nghiệp).

**2. Phạm vi áp dụng và hiệu lực văn bản:**
*   **Văn bản áp dụng:** Khoản 1 Điều 22 Luật Quản lý thuế (Số: 78/2006/QH11).
*   **Tình trạng hiệu lực:** Văn bản này được ghi nhận trong context là **""Hết hiệu lực một phần""**. Tuy nhiên, context không cung cấp thông tin chi tiết về việc Điều 22 đã bị sửa đổi, bổ sung hay hủy bỏ bởi văn bản thay thế nào khác hay chưa. Do đó, câu trả lời này được căn cứ hoàn toàn và giới hạn trong phạm vi nội dung của Luật Quản lý thuế số 78/2006/QH11 được cung cấp.

**3. Trích dẫn chi tiết (Citation):**
> *""- Văn bản: Quản lý thuế (Số: 78/2006/QH11)*
> *- Điều/Khoản: Điều 22*
> *- Nội dung: ""[Quản lý thuế > Chương II] Thời hạn đăng ký thuế: Đối tượng đăng ký thuế phải đăng ký thuế trong thời hạn mười ngày làm việc, kể từ ngày: 1. Được cấp giấy chứng nhận đăng ký kinh doanh hoặc giấy phép thành lập và hoạt động hoặc giấy chứng nhận đầu tư;...""*","[NGỮ CẢNH PHÁP LÝ ĐƯỢC CUNG CẤP]

--- Trích dẫn 1 ---
- Văn bản: Quản lý thuế (Số: 78/2006/QH11)
- Trạng thái: Hết hiệu lực một phần
- Điều/Khoản: Điều 26
- Nội dung: ""[Quản lý thuế > Chương II]
Cấp giấy chứng nhận đăng ký thuế 1. Cơ quan thuế cấp giấy chứng nhận đăng ký thuế cho người nộp thuế trong thời hạn mười ngày làm việc, kể từ ngày nhận được hồ sơ đăng ký thuế hợp lệ. Trường hợp bị mất hoặc hư hỏng giấy chứng nhận đăng ký thuế, cơ quan thuế cấp lại trong thời hạn năm ngày làm việc, kể từ ngày nhận được yêu cầu của người nộp thuế. 2. Giấy chứng nhận đăng ký thuế bao gồm các thông tin sau đây: a) Tên người nộp thuế; b) Mã số thuế; c) Số, ngày, tháng, năm của giấy chứng nhận đăng ký kinh doanh hoặc giấy phép thành lập và hoạt động hoặc giấy chứng nhận đầu tư đối với tổ chức, cá nhân kinh doanh; d) Số, ngày, tháng, năm của quyết định thành lập đối với tổ chức không kinh doanh hoặc giấy chứng minh nhân dân hoặc hộ chiếu đối với cá nhân không kinh doanh; đ) Cơ quan thuế quản lý trực tiếp; e) Ngày cấp giấy chứng nhận đăng ký thuế. 3. Nghiêm cấm việc cho mượn, tẩy xoá, hủy hoại hoặc làm giả giấy chứng nhận đăng ký thuế""

--- Trích dẫn 2 ---
- Văn bản: Về việc Ban hành Quy định quy trình đăng ký kinh doanh, đăng ký thuế và đăng ký con dấu đối với doanh nghiệp thành lập, hoạt động theo Luật Doanh nghiệp trên địa bàn tỉnh Nghệ An (Số: 74/2008/QĐ-UBND)
- Trạng thái: Còn hiệu lực
- Điều/Khoản: Điều 7
- Nội dung: ""[Về việc Ban hành Quy định quy trình đăng ký kinh doanh, đăng ký thuế và đăng ký con dấu đối với doanh nghiệp thành lập, hoạt động theo Luật Doanh nghiệp trên địa bàn tỉnh Nghệ An > Chương V]
Quy trình phối hợp và thời gian xử lý công việc 1. Quy trình phối hợp. Trong thời hạn 2 ngày làm việc kể từ khi nhận được hồ sơ đăng ký hợp lệ của doanh nghiệp, Sở Kế hoạch và Đầu tư gửi tới Cục thuế bản sao Giấy đề nghị đăng ký kinh doanh (đối với trường hợp thành lập doanh nghiệp) hoặc Thông báo thành lập chi nhánh, văn phòng đại diện (đối với trường hợp thành lập chi nhánh, văn phòng đại diện) và Bản kê khai thông tin đăng ký thuế. Trong thời hạn 02 ngày làm việc kể từ khi nhận được thông tin về doanh nghiệp, Cục thuế thông báo kết quả mã số doanh nghiệp cho Sở Kế hoạch và Đầu tư để ghi vào Giấy chứng nhận đăng ký kinh doanh và đăng ký thuế của doanh nghiệp, Giấy chứng nhận đăng ký hoạt động và đăng ký thuế của chi nhánh, văn phòng đại diện. Việc gửi và nhận thông tin giữa cơ quan đăng ký kinh ...""

--- Trích dẫn 3 ---
- Văn bản: Ban hành quy chế phối hợp giữa các cơ quan giải quyết đăng ký kinh doanh, đăng ký thuế và đăng ký con dấu đối với doanh nghiệp thành lập, hoạt động theo Luật Doanh nghiệp (Số: 476/2008/QĐ-UBND)
- Trạng thái: Còn hiệu lực
- Điều/Khoản: Điều 9
- Nội dung: ""[Ban hành quy chế phối hợp giữa các cơ quan giải quyết đăng ký kinh doanh, đăng ký thuế và đăng ký con dấu đối với doanh nghiệp thành lập, hoạt động theo Luật Doanh nghiệp > Phần I > Chương II]
Trả kết quả đăng ký kinh doanh và đăng ký thuế Trong thời hạn tối đa 5 ngày làm việc, kể từ ngày nhận được hồ sơ hợp lệ, Phòng đăng ký kinh doanh thuộc Sở Kế hoạch và Đầu tư cấp Giấy chứng nhận đăng ký kinh doanh và đăng ký thuế cho doanh nghiệp, Giấy chứng nhận đăng ký hoạt động và đăng ký thuế chi nhánh, văn phòng đại diện. Sau khi nhận được Giấy chứng nhận đăng ký kinh doanh và đăng ký thuế, doanh nghiệp có nghĩa vụ thực hiện thủ tục mua hoặc tự in hóa đơn tài chính theo quy định. Khi đến nhận kết quả, người đại diện theo pháp luật của doanh nghiệp phải đến ký nhận vào Phiếu trả kết quả theo mẫu quy định tại Phụ lục III ban hành kèm theo Quyết định này. Trong trường hợp thật cần thiết mà người đại diện theo pháp luật của doanh nghiệp không thể đến nhận được thì phải có giấy ủy quyền bằng văn ...""

--- Trích dẫn 4 ---
- Văn bản: Ban hành Quy chế thực hiện cơ chế “một cửa liên thông” trong đăng ký kinh doanh, đăng ký thuế và đăng ký con dấu đối với doanh nghiệp thành lập, hoạt động theo Luật doanh nghiệp trên địa bàn tỉnh Hà Giang (Số: 847/QĐ-UBND)
- Trạng thái: Còn hiệu lực
- Điều/Khoản: Điều 10
- Nội dung: ""[Ban hành Quy chế thực hiện cơ chế “một cửa liên thông” trong đăng ký kinh doanh, đăng ký thuế và đăng ký con dấu đối với doanh nghiệp thành lập, hoạt động theo Luật doanh nghiệp trên địa bàn tỉnh Hà Giang > Phần I > Chương V]
Trả kết quả đăng ký kinh doanh và đăng ký thuế Trong thời hạn tối đa là *05 ngày làm việc*, kể từ ngày nhận được hồ sơ hợp lệ, Phòng đăng ký kinh doanh thuộc Sở Kế hoạch và Đầu tư cấp Giấy chứng nhận đăng ký kinh doanh và đăng ký thuế cho doanh nghiệp, Giấy chứng nhận đăng ký hoạt động và đăng ký thuế cho chi nhánh, văn phòng đại diện. Để hỗ trợ người nộp thuế ghi đúng thông tin trong quá trình thực hiện nghĩa vụ thuế với nhà nước. Phòng đăng ký kinh doanh thuộc Sở Kế hoạch và Đầu tư chuyển trả thêm cho doanh nghiệp một số giấy tờ như: Thông báo cơ quan quản lý thuế và mục lục ngân sách nhà nước của người nộp thuế; Danh sách mã sổ thuế chi nhánh của người nộp thuế (nếu doanh nghiệp có đơn vị trực thuộc được cấp mã số thuế). *Đối với trường hợp hồ sơ đăng ký được ...""

--- Trích dẫn 5 ---
- Văn bản: Quản lý thuế (Số: 78/2006/QH11)
- Trạng thái: Hết hiệu lực một phần
- Điều/Khoản: Điều 22
- Nội dung: ""[Quản lý thuế > Chương II]
Thời hạn đăng ký thuế Đối tượng đăng ký thuế phải đăng ký thuế trong thời hạn mười ngày làm việc, kể từ ngày: 1. Được cấp giấy chứng nhận đăng ký kinh doanh hoặc giấy phép thành lập và hoạt động hoặc giấy chứng nhận đầu tư; 2. Bắt đầu hoạt động kinh doanh đối với tổ chức không thuộc diện đăng ký kinh doanh hoặc hộ gia đình, cá nhân thuộc diện đăng ký kinh doanh nhưng chưa được cấp giấy chứng nhận đăng ký kinh doanh; 3. Phát sinh trách nhiệm khấu trừ thuế và nộp thuế thay; 4. Phát sinh nghĩa vụ thuế thu nhập cá nhân; 5. Phát sinh yêu cầu được hoàn thuế"""
Những hành vi nào bị coi là trốn thuế theo quy định hiện hành?,,"Dựa vào các văn bản pháp luật được cung cấp trong context, dưới đây là câu trả lời chi tiết về các hành vi bị coi là trốn thuế:

### 1. Phạm vi áp dụng và hiệu lực văn bản trong Context
*   **Về hiệu lực:** Các văn bản quy định chi tiết về hành vi trốn thuế trong context gồm **Luật Quản lý thuế số 78/2006/QH11** (Điều 108) và **Nghị định số 129/2013/NĐ-CP** (Điều 11) đều được ghi nhận ở trạng thái **""Hết hiệu lực một phần""**. 
*   **Thông tư liên tịch số 10/2013/TTLT-BTP-BCA-TANDTC-VKSNDTC-BTC** (Điều 161) hướng dẫn về tội trốn thuế trong lĩnh vực hình sự hiện **""Còn hiệu lực""**, tuy nhiên văn bản này dẫn chiếu trực tiếp đến hành vi quy định tại Điều 108 của Luật Quản lý thuế (vốn đã hết hiệu lực một phần).
*   **Giới hạn context:** Do context chỉ cung cấp các văn bản thuộc thời kỳ cũ (giai đoạn 2006 - 2013) và đã hết hiệu lực một phần, nên các nội dung dưới đây chỉ phản ánh quy định pháp luật áp dụng cho giai đoạn này và chưa thể khẳng định là quy định hoàn toàn cập nhật của pháp luật hiện hành ngày nay (nếu có các văn bản mới thay thế hoàn toàn chưa được đưa vào context).

---

### 2. Các hành vi bị coi là trốn thuế, gian lận thuế theo Context

Theo **Điều 108 Luật Quản lý thuế (Số: 78/2006/QH11)**, người nộp thuế thực hiện một trong các hành vi sau đây thì bị coi là trốn thuế, gian lận thuế:

1.  **Vi phạm về thời hạn nộp hồ sơ:** Không nộp hồ sơ đăng ký thuế; không nộp hồ sơ khai thuế; nộp hồ sơ khai thuế sau 90 ngày, kể từ ngày hết thời hạn nộp hồ sơ khai thuế theo quy định tại các khoản 1, 2, 3 và 5 Điều 32 hoặc ngày hết thời hạn gia hạn nộp hồ sơ khai thuế theo quy định tại Điều 33 của Luật này *(Khoản 1 Điều 108 Luật Quản lý thuế số 78/2006/QH11; được hướng dẫn chi tiết tại Điểm a Khoản 1 Điều 11 Nghị định số 129/2013/NĐ-CP)*.
2.  **Vi phạm về sổ sách kế toán:** Không ghi chép trong sổ kế toán các khoản thu liên quan đến việc xác định số tiền thuế phải nộp *(Khoản 2 Điều 108 Luật Quản lý thuế số 78/2006/QH11)*.
3.  **Vi phạm về hóa đơn bán hàng:** Không xuất hóa đơn khi bán hàng hóa, dịch vụ hoặc ghi giá trị trên hóa đơn bán hàng thấp hơn giá trị thanh toán thực tế của hàng hóa, dịch vụ đã bán *(Khoản 3 Điều 108 Luật Quản lý thuế số 78/2006/QH11)*.
4.  **Sử dụng hóa đơn, chứng từ bất hợp pháp:** Sử dụng hóa đơn, chứng từ bất hợp pháp để hạch toán hàng hóa, nguyên liệu đầu vào trong hoạt động phát sinh nghĩa vụ thuế làm giảm số tiền thuế phải nộp hoặc làm tăng số tiền thuế được miễn, số tiền thuế được hoàn *(Khoản 4 Điều 108 Luật Quản lý thuế số 78/2006/QH11)*.

---

### 3. Xác định tội danh hình sự đối với hành vi trốn thuế

Theo văn bản còn hiệu lực là **Thông tư liên tịch số 10/2013/TTLT-BTP-BCA-TANDTC-VKSNDTC-BTC**:
*   **Cấu thành tội phạm:** Người phạm tội trốn thuế (bị truy cứu trách nhiệm hình sự) là người thực hiện một trong các hành vi trốn thuế nêu trên (quy định tại Điều 108 Luật Quản lý thuế), đồng thời phải thỏa mãn các dấu hiệu cấu thành tội phạm được quy định tại Điều 161 của Bộ luật Hình sự *(Khoản 1 Điều 161 Thông tư liên tịch số 10/2013/TTLT-BTP-BCA-TANDTC-VKSNDTC-BTC)*.","[NGỮ CẢNH PHÁP LÝ ĐƯỢC CUNG CẤP]

--- Trích dẫn 1 ---
- Văn bản: Hướng dẫn áp dụng một số điều của Bộ luật Hình sự về các tội phạm trong lĩnh vực thuế, tài chính - kế toán và chứng khoán (Số: 10/2013/TTLT-BTP-BCA-TANDTC-VKSNDTC-BTC)
- Trạng thái: Còn hiệu lực
- Điều/Khoản: Điều 161
- Nội dung: ""[Hướng dẫn áp dụng một số điều của Bộ luật Hình sự về các tội phạm trong lĩnh vực thuế, tài chính - kế toán và chứng khoán]
BLHS) * 1. Người phạm tội trốn thuế là người thực hiện một trong các hành vi được quy định tại Điều 108 của Luật Quản lý thuế, đồng thời thỏa mãn các dấu hiệu được quy định tại Điều 161 của BLHS. 2. Phạm tội trốn thuế trong trường hợp đặc biệt nghiêm trọng khác quy định tại khoản 3 Điều 161 của BLHS được hiểu là trường hợp tuy số tiền trốn thuế có giá trị từ 300 triệu đồng đến dưới 600 triệu đồng, nhưng người phạm tội đồng thời thực hiện một trong các hành vi liên quan khác mà chưa đến mức bị truy cứu trách nhiệm hình sự về một tội phạm độc lập, như: đưa hối lộ; chống người thi hành công vụ; gây thương tích cho người thi hành công vụ; hủy hoại tài sản của cơ quan quản lý thuế, công chức quản lý thuế và các cơ quan nhà nước khác có trách nhiệm trong việc thực hiện quản lý thuế. Trường hợp các hành vi này có đủ yếu tố cấu thành tội phạm khác thì ngoài tội trốn thuế,...""

--- Trích dẫn 2 ---
- Văn bản: Quy định về xử phạt vi phạm hành chính về thuế và cưỡng chế thi hành quyết định hành chính thuế (Số: 129/2013/NĐ-CP)
- Trạng thái: Hết hiệu lực một phần
- Điều/Khoản: Điều 11
- Nội dung: ""[Quy định về xử phạt vi phạm hành chính về thuế và cưỡng chế thi hành quyết định hành chính thuế > Chương I]
Xử phạt đối với hành vi trốn thuế, gian lận thuế Người nộp thuế có hành vi trốn thuế, gian lận thuế quy định tại Điều 108 của Luật Quản lý thuế thì bị xử phạt theo số lần tính trên số tiền thuế trốn, số tiền thuế gian lận, như sau: 1. Phạt tiền 1 lần tính trên số thuế trốn, số thuế gian lận đối với người nộp thuế vi phạm lần đầu không thuộc các trường hợp quy định tại Điều 10 Nghị định này hoặc vi phạm lần thứ hai mà có từ hai tình tiết giảm nhẹ trở lên khi có một trong các hành vi vi phạm sau đây: a) Không nộp hồ sơ đăng ký thuế; không nộp hồ sơ khai thuế hoặc nộp hồ sơ khai thuế sau 90 (chín mươi) ngày, kể từ ngày hết thời hạn nộp hồ sơ khai thuế quy định tại các Khoản 1, 2, 3 và Khoản 5 Điều 32 của Luật Quản lý thuế hoặc kể từ ngày hết thời hạn gia hạn nộp hồ sơ khai thuế quy định tại Điều 33 của Luật Quản lý thuế, trừ trường hợp quy định tại Khoản 6 Điều 7 Nghị định này. b) ...""

--- Trích dẫn 3 ---
- Văn bản: Quản lý thuế (Số: 78/2006/QH11)
- Trạng thái: Hết hiệu lực một phần
- Điều/Khoản: Điều 108
- Nội dung: ""[Quản lý thuế > Chương XII]
Xử phạt đối với hành vi trốn thuế, gian lận thuế Người nộp thuế có một trong các hành vi trốn thuế, gian lận thuế sau đây thì phải nộp đủ số tiền thuế theo quy định và bị phạt từ 1 đến 3 lần số tiền thuế trốn: 1. Không nộp hồ sơ đăng ký thuế; không nộp hồ sơ khai thuế; nộp hồ sơ khai thuế sau chín mươi ngày, kể từ ngày hết thời hạn nộp hồ sơ khai thuế theo quy định tại các khoản 1, 2, 3 và 5 Điều 32 của Luật này hoặc ngày hết thời hạn gia hạn nộp hồ sơ khai thuế theo quy định tại Điều 33 của Luật này; 2. Không ghi chép trong sổ kế toán các khoản thu liên quan đến việc xác định số tiền thuế phải nộp; 3. Không xuất hoá đơn khi bán hàng hoá, dịch vụ hoặc ghi giá trị trên hoá đơn bán hàng thấp hơn giá trị thanh toán thực tế của hàng hoá, dịch vụ đã bán; 4. Sử dụng hoá đơn, chứng từ bất hợp pháp để hạch toán hàng hoá, nguyên liệu đầu vào trong hoạt động phát sinh nghĩa vụ thuế làm giảm số tiền thuế phải nộp hoặc làm tăng số tiền thuế được miễn, số tiền thuế được ...""

--- Trích dẫn 4 ---
- Văn bản: Quản lý thuế (Số: 78/2006/QH11)
- Trạng thái: Hết hiệu lực một phần
- Điều/Khoản: Điều 103
- Nội dung: ""[Quản lý thuế > Chương XII]
Hành vi vi phạm pháp luật về thuế của người nộp thuế 1. Vi phạm các thủ tục thuế. 2. Chậm nộp tiền thuế. 3. Khai sai dẫn đến thiếu số tiền thuế phải nộp hoặc tăng số tiền thuế được hoàn. 4. Trốn thuế, gian lận thuế""

--- Trích dẫn 5 ---
- Văn bản: Hướng dẫn áp dụng một số điều của Bộ luật Hình sự về các tội phạm trong lĩnh vực thuế, tài chính - kế toán và chứng khoán (Số: 10/2013/TTLT-BTP-BCA-TANDTC-VKSNDTC-BTC)
- Trạng thái: Còn hiệu lực
- Điều/Khoản: Điều 1
- Nội dung: ""[Hướng dẫn áp dụng một số điều của Bộ luật Hình sự về các tội phạm trong lĩnh vực thuế, tài chính - kế toán và chứng khoán]
Về tội trốn thuế *("""
Hộ kinh doanh có bắt buộc sử dụng hóa đơn điện tử không?,,"Dựa vào các văn bản pháp luật được cung cấp trong context, câu trả lời cho câu hỏi của bạn như sau:

**Context được cung cấp chưa có đủ thông tin** để khẳng định một cách tổng quát và toàn diện về việc hộ kinh doanh có bắt buộc phải sử dụng hóa đơn điện tử hay không. 

Dưới đây là các nội dung ghi nhận được từ context liên quan đến phạm vi áp dụng và các quy định hiện hành:

1. **Về đối tượng áp dụng hóa đơn điện tử:**
   * Theo **Khoản 1 Điều 3 Thông tư số 32/2011/TT-BTC** (Trạng thái: Còn hiệu lực): *""Hoá đơn điện tử được khởi tạo, lập, xử lý trên hệ thống máy tính của **tổ chức đã được cấp mã số thuế** khi bán hàng hoá, dịch vụ...""*
   * Theo **Khoản 1 Điều 7 Thông tư số 39/2014/TT-BTC** (Trạng thái: Hết hiệu lực một phần): *""Hóa đơn điện tử được khởi tạo, lập, xử lý trên hệ thống máy tính của **tổ chức đã được cấp mã số thuế**...""*
   * Theo **Khoản 1 Điều 7 Thông tư số 32/2011/TT-BTC** (Trạng thái: Còn hiệu lực): Quy định về việc khởi tạo hóa đơn điện tử là hoạt động của *""tổ chức kinh doanh hoặc của các tổ chức cung cấp dịch vụ về hoá đơn điện tử""*.
   * *Nhận xét:* Các điều khoản còn hiệu lực trong context này chỉ mới đề cập đến việc khởi tạo và sử dụng hóa đơn điện tử đối với **""tổ chức""** (tổ chức kinh doanh, tổ chức đã được cấp mã số thuế), chưa có quy định cụ thể hay bắt buộc áp dụng đối với đối tượng là **""hộ kinh doanh""**.

2. **Về dịch vụ hóa đơn điện tử:**
   * **Điều 6 Nghị định số 122/2025/NĐ-CP** (Trạng thái: Còn hiệu lực) có nhắc đến các trường hợp sử dụng hóa đơn điện tử có mã hoặc không có mã của cơ quan thuế thông qua tổ chức cung cấp dịch vụ hóa đơn điện tử theo quy định của Luật Quản lý thuế số 38/2019/QH14. Tuy nhiên, điều khoản này chỉ phân cấp thẩm quyền hướng dẫn và thực hiện thủ tục, không quy định rõ hộ kinh doanh có thuộc đối tượng bắt buộc sử dụng hay không.

**Kết luận:** 
Nguồn dữ liệu (context) được cung cấp **chưa đủ thông tin** để trả lời việc hộ kinh doanh có bắt buộc sử dụng hóa đơn điện tử hay không. Các văn bản còn hiệu lực trong context (như Thông tư 32/2011/TT-BTC) mới chỉ quy định chi tiết về nguyên tắc, điều kiện và thủ tục khởi tạo hóa đơn điện tử đối với các **tổ chức**.","[NGỮ CẢNH PHÁP LÝ ĐƯỢC CUNG CẤP]

--- Trích dẫn 1 ---
- Văn bản: Hướng dẫn về khởi tạo, phát hành và sử dụng hoá đơn điện tử bán hàng hóa, cung ứng dịch vụ (Số: 32/2011/TT-BTC)
- Trạng thái: Còn hiệu lực
- Điều/Khoản: Điều 7
- Nội dung: ""[Hướng dẫn về khởi tạo, phát hành và sử dụng hoá đơn điện tử bán hàng hóa, cung ứng dịch vụ > Chương II]
Khởi tạo, phát hành hoá đơn điện tử 1. Khởi tạo hóa đơn điện tử là hoạt động tạo định dạng cho hóa đơn, thiết lập đầy đủ các thông tin của người bán, loại hóa đơn, ký hiệu hóa đơn, định dạng truyền – nhận và lưu trữ hóa đơn trước khi bán hàng hoá, dịch vụ trên phương tiện điện tử của tổ chức kinh doanh hoặc của các tổ chức cung cấp dịch vụ về hoá đơn điện tử và được lưu trữ trên phương tiện điện tử của các bên theo quy định của pháp luật.Tổ chức khởi tạo hóa đơn điện tử trước khi khởi tạo hoá đơn điện tử phải ra quyết định áp dụng hoá đơn điện tử gửi cho cơ quan thuế quản lý trực tiếp bằng văn bản giấy hoặc bằng văn bản điện tử gửi thông qua cổng thông tin điện tử của cơ quan thuế và chịu trách nhiệm về quyết định này (theo Mẫu số 1 Phụ lục ban hành kèm theo Thông tư này). Quyết định áp dụng hoá đơn điện tử gồm các nội dung chủ yếu sau:- Tên hệ thống thiết bị (tên các phương tiện đi...""

--- Trích dẫn 2 ---
- Văn bản: Hướng dẫn về khởi tạo, phát hành và sử dụng hoá đơn điện tử bán hàng hóa, cung ứng dịch vụ (Số: 32/2011/TT-BTC)
- Trạng thái: Còn hiệu lực
- Điều/Khoản: Điều 4
- Nội dung: ""[Hướng dẫn về khởi tạo, phát hành và sử dụng hoá đơn điện tử bán hàng hóa, cung ứng dịch vụ > Chương I]
Nguyên tắc sử dụng, điều kiện của tổ chức khởi tạo hoá đơn điện tử 1. Nguyên tắc sử dụng hoá đơn điện tử Trường hợp người bán lựa chọn sử dụng hóa đơn điện tử khi bán hàng hóa, cung cấp dịch vụ, người bán có trách nhiệm thông báo cho người mua về định dạng hóa đơn điện tử, cách thức truyền nhận hóa đơn điện tử giữa người bán và người mua (nêu rõ cách thức truyền nhận hóa đơn điện tử là truyền trực tiếp từ hệ thống của người bán sang hệ thống của người mua; hoặc người bán thông qua hệ thống trung gian của tổ chức cung cấp giải pháp hóa đơn điện tử để lập hóa đơn và truyền cho người mua). Người bán, người mua, tổ chức trung gian cung cấp giải pháp hóa đơn điện tử (trường hợp thông qua tổ chức trung gian) và các đơn vị có liên quan phải có thoả thuận về yêu cầu kỹ thuật và các điều kiện bảo đảm tính toàn vẹn, bảo mật có liên quan đến hoá đơn điện tử đó.2. Điều kiện của tổ chức khởi tạo ...""

--- Trích dẫn 3 ---
- Văn bản: Quy định về phân quyền, phân cấp trong lĩnh vực quản lý thuế (Số: 122/2025/NĐ-CP)
- Trạng thái: Còn hiệu lực
- Điều/Khoản: Điều 6
- Nội dung: ""[Quy định về phân quyền, phân cấp trong lĩnh vực quản lý thuế > Chương II]
Dịch vụ hóa đơn điện tử 1. Dịch vụ về hóa đơn điện tử và trường hợp sử dụng hóa đơn điện tử có mã của cơ quan thuế không phải trả tiền dịch vụ, trường hợp sử dụng hóa đơn điện tử có mã của cơ quan thuế phải trả tiền dịch vụ, trường hợp sử dụng hóa đơn điện tử không có mã của cơ quan thuế thông qua tổ chức cung cấp dịch vụ về hóa đơn điện tử theo quy định tại khoản 3 Điều 92 Luật Quản lý thuế số 38/2019/QH14 ngày 13 tháng 6 năm 2019 do Bộ trưởng Bộ Tài chính hướng dẫn. 2. Trình tự, thủ tục thực hiện nhiệm vụ Dịch vụ hoá đơn điện tử và trường hợp sử dụng hóa đơn điện tử có mã của cơ quan thuế không phải trả tiền dịch vụ, trường hợp sử dụng hóa đơn điện tử có mã của cơ quan thuế phải trả tiền dịch vụ, trường hợp sử dụng hóa đơn điện tử không có mã của cơ quan thuế thông qua tổ chức cung cấp dịch vụ về hóa đơn điện tử tiếp tục thực hiện theo điểm 5 Phụ lục I ban hành kèm theo Nghị định này""

--- Trích dẫn 4 ---
- Văn bản: Hướng dẫn thi hành Nghị định số 51/2010/NĐ-CP ngày 14 tháng 5 năm 2010 và Nghị định số 04/2014/NĐ-CP ngày 17 tháng 01 năm 2014 của Chính phủ quy định về hoá đơn bán hàng hóa, cung ứng dịch vụ (Số: 39/2014/TT-BTC)
- Trạng thái: Hết hiệu lực một phần
- Điều/Khoản: Điều 7
- Nội dung: ""[Hướng dẫn thi hành Nghị định số 51/2010/NĐ-CP ngày 14 tháng 5 năm 2010 và Nghị định số 04/2014/NĐ-CP ngày 17 tháng 01 năm 2014 của Chính phủ quy định về hoá đơn bán hàng hóa, cung ứng dịch vụ > Chương II]
Tạo hóa đơn điện tử 1. Hóa đơn điện tử được khởi tạo, lập, xử lý trên hệ thống máy tính của tổ chức đã được cấp mã số thuế khi bán hàng hóa, dịch vụ và được lưu trữ trên máy tính của các bên theo quy định của pháp luật về giao dịch điện tử. 2. Hóa đơn điện tử được sử dụng theo quy định của pháp luật về giao dịch điện tử. 3. Việc quản lý, sử dụng hóa đơn điện tử được thực hiện theo Thông tư hướng dẫn của Bộ Tài chính về khởi tạo, phát hành và sử dụng hóa đơn điện tử bán hàng hóa, cung ứng dịch vụ""

--- Trích dẫn 5 ---
- Văn bản: Hướng dẫn về khởi tạo, phát hành và sử dụng hoá đơn điện tử bán hàng hóa, cung ứng dịch vụ (Số: 32/2011/TT-BTC)
- Trạng thái: Còn hiệu lực
- Điều/Khoản: Điều 3
- Nội dung: ""[Hướng dẫn về khởi tạo, phát hành và sử dụng hoá đơn điện tử bán hàng hóa, cung ứng dịch vụ > Chương I]
Hóa đơn điện tử 1. Hoá đơn điện tử là tập hợp các thông điệp dữ liệu điện tử về bán hàng hoá, cung ứng dịch vụ, được khởi tạo, lập, gửi, nhận, lưu trữ và quản lý bằng phương tiện điện tử. Hóa đơn điện tử phải đáp ứng các nội dung quy định tại Điều 6 Thông tư này. Hoá đơn điện tử được khởi tạo, lập, xử lý trên hệ thống máy tính của tổ chức đã được cấp mã số thuế khi bán hàng hoá, dịch vụ và được lưu trữ trên máy tính của các bên theo quy định của pháp luật về giao dịch điện tử. Hóa đơn điện tử gồm các loại: hóa đơn xuất khẩu; hóa đơn giá trị gia tăng; hóa đơn bán hàng; hoá đơn khác gồm: tem, vé, thẻ, phiếu thu tiền bảo hiểm…; phiếu thu tiền cước vận chuyển hàng không, chứng từ thu cước phí vận tải quốc tế, chứng từ thu phí dịch vụ ngân hàng…, hình thức và nội dung được lập theo thông lệ quốc tế và các quy định của pháp luật có liên quan.Hóa đơn điện tử đảm bảo nguyên tắc: xác định đượ..."""
Doanh nghiệp có được gia hạn thời hạn nộp thuế trong trường hợp gặp thiên tai hoặc hỏa hoạn không?,,"Dựa trên các văn bản pháp luật được cung cấp trong context, dưới đây là câu trả lời chi tiết về việc gia hạn thời hạn nộp thuế cho doanh nghiệp trong trường hợp gặp thiên tai hoặc hỏa hoạn:

### 1. Quy định về việc gia hạn nộp thuế
Doanh nghiệp **được phép** gia hạn nộp thuế nếu gặp thiên tai hoặc hỏa hoạn gây thiệt hại vật chất và ảnh hưởng trực tiếp đến sản xuất, kinh doanh. Cụ thể:

*   **Điều kiện và phạm vi áp dụng:** 
    *   Người nộp thuế bị thiệt hại vật chất, gây ảnh hưởng trực tiếp đến sản xuất, kinh doanh do gặp thiên tai, hỏa hoạn, tai nạn bất ngờ (*Khoản 1 Điều 49 Luật Quản lý thuế số 78/2006/QH11*; *Khoản 1 Điều 24 Nghị định số 106/2010/NĐ-CP*).
    *   **Định nghĩa thiệt hại vật chất:** Là những tổn thất về tài sản của người nộp thuế, tính được bằng tiền như: máy móc, thiết bị, phương tiện, vật tư, hàng hóa, nhà xưởng, trụ sở làm việc, tiền, các giấy tờ có giá trị như tiền (*Khoản 1 Điều 21 Thông tư số 151/2014/TT-BTC*).
*   **Mức gia hạn:** Người nộp thuế được xem xét gia hạn nộp một phần hoặc toàn bộ tiền thuế phải nộp (*Khoản 2 Điều 49 Luật Quản lý thuế số 78/2006/QH11*).
*   **Thời gian gia hạn:** Không quá **hai năm**, kể từ ngày hết thời hạn nộp thuế (*Khoản 3 Điều 49 Luật Quản lý thuế số 78/2006/QH11*).
*   **Quyền lợi đi kèm:** Người nộp thuế không bị phạt chậm nộp tính trên số tiền thuế nợ trong thời gian được gia hạn nộp thuế (*Khoản 4 Điều 49 Luật Quản lý thuế số 78/2006/QH11*).

### 2. Lưu ý về hiệu lực văn bản và phạm vi áp dụng trong Context
*   **Về hiệu lực văn bản:** 
    *   Các văn bản cốt lõi quy định về việc gia hạn nộp thuế trong context gồm: **Luật Quản lý thuế số 78/2006/QH11** (Điều 49) và **Nghị định số 106/2010/NĐ-CP** (Điều 24) đều được ghi nhận ở trạng thái **""Hết hiệu lực một phần""**. 
    *   **Thông tư số 151/2014/TT-BTC** (Điều 21) hướng dẫn về thiệt hại vật chất cũng ở trạng thái **""Hết hiệu lực một phần""**.
    *   Do context không cung cấp chi tiết phần nào bị bãi bỏ hoặc văn bản thay thế mới nhất đang còn hiệu lực hoàn toàn, câu trả lời này được xây dựng dựa trên các nội dung hiện có trong context được cung cấp.
*   **Về việc gia hạn nộp hồ sơ khai thuế:** Bên cạnh việc gia hạn nộp thuế, doanh nghiệp gặp thiên tai, hỏa hoạn cũng được gia hạn nộp hồ sơ khai thuế với thời gian không quá 30 ngày (đối với khai thuế tháng, năm, tạm tính, phát sinh) hoặc không quá 60 ngày (đối với hồ sơ quyết toán thuế) theo quy định tại *Điều 33 Luật Quản lý thuế số 78/2006/QH11*.","[NGỮ CẢNH PHÁP LÝ ĐƯỢC CUNG CẤP]

--- Trích dẫn 1 ---
- Văn bản: Sửa đổi, bổ sung một số điều của Nghị định số 85/2007/NĐ-CP ngày 25 tháng 5 năm 2007 của Chính phủ quy định chi tiết thi hành một số điều của Luật Quản lý thuế và Nghị định số 100/2008/NĐ-CP ngày 08 tháng 9 năm 2008 của Chính phủ quy định chi tiết một số điều của Luật Thuế thu nhập cá nhân (Số: 106/2010/NĐ-CP)
- Trạng thái: Hết hiệu lực một phần
- Điều/Khoản: Điều 24
- Nội dung: ""[Sửa đổi, bổ sung một số điều của Nghị định số 85/2007/NĐ-CP ngày 25 tháng 5 năm 2007 của Chính phủ quy định chi tiết thi hành một số điều của Luật Quản lý thuế và Nghị định số 100/2008/NĐ-CP ngày 08 tháng 9 năm 2008 của Chính phủ quy định chi tiết một số điều của Luật Thuế thu nhập cá nhân]
Gia hạn nộp thuế.1. Trường hợp được gia hạn:Người nộp thuế được gia hạn nộp thuế, nộp phạt đối với số tiền thuế, tiền phạt còn nợ nếu không có khả năng nộp thuế đúng hạn trong các trường hợp sau đây:a) Bị thiệt hại vật chất, gây ảnh hưởng trực tiếp đến sản xuất kinh doanh do gặp thiên tai, hỏa hoạn, tai nạn bất ngờ;b) Di chuyển địa điểm kinh doanh theo yêu cầu của cơ quan nhà nước có thẩm quyền mà doanh nghiệp phải ngừng hoạt động và làm ảnh hưởng đến kết quả sản xuất, kinh doanh;c) Do chính sách của Nhà nước thay đổi làm ảnh hưởng trực tiếp đến kết quả sản xuất, kinh doanh của người nộp thuế;d) Hoạt động trong lĩnh vực xây dựng cơ bản có số tiền thuế nợ do nguyên nhân chưa được thanh toán vốn đầu ...
Tác động ra ngoài: PARTIALLY_TERMINATES→106/2010/NĐ-CP; PARTIALLY_TERMINATES→106/2010/NĐ-CP""

--- Trích dẫn 2 ---
- Văn bản: Hướng dẫn thi hành Nghị định số 91/2014/NĐ-CP ngày 01 tháng 10 năm 2014 của Chính phủ về việc sửa đổi, bổ sung một số điều tại các Nghị định quy định về thuế (Số: 151/2014/TT-BTC)
- Trạng thái: Hết hiệu lực một phần
- Điều/Khoản: Điều 21
- Nội dung: ""[Hướng dẫn thi hành Nghị định số 91/2014/NĐ-CP ngày 01 tháng 10 năm 2014 của Chính phủ về việc sửa đổi, bổ sung một số điều tại các Nghị định quy định về thuế > Chương IV]
Sửa đổi, bổ sung điểm a và điểm d Khoản 1, điểm c Khoản 2 Điều 31 Thông tư 156/2013/TT-BTC như sau: 1. Bổ sung điểm a và điểm d Khoản 1 Điều 31 như sau: “a) Bị thiệt hại vật chất gây ảnh hưởng trực tiếp đến sản xuất, kinh doanh do gặp thiên tai, hỏa hoạn, tai nạn bất ngờ. Thiệt hại vật chất là những tổn thất về tài sản của người nộp thuế, tính được bằng tiền như: máy móc, thiết bị, phương tiện, vật tư, hàng hoá, nhà xưởng, trụ sở làm việc, tiền, các giấy tờ có giá trị như tiền. Tai nạn bất ngờ là việc không may xảy ra đột ngột ngoài ý muốn của người nộp thuế, do tác nhân bên ngoài gây ra làm ảnh hưởng trực tiếp đến hoạt động sản xuất, kinh doanh của người nộp thuế, không phải do nguyên nhân từ hành vi vi phạm pháp luật. Những trường hợp được coi là tai nạn bất ngờ bao gồm: tai nạn giao thông; tai nạn lao động; mắc bệ...""

--- Trích dẫn 3 ---
- Văn bản: Quản lý thuế (Số: 78/2006/QH11)
- Trạng thái: Hết hiệu lực một phần
- Điều/Khoản: Điều 49
- Nội dung: ""[Quản lý thuế > Chương V]
Gia hạn nộp thuế 1. Việc gia hạn nộp thuế được xem xét trên cơ sở đề nghị của người nộp thuế theo một trong các trường hợp sau đây: a) Bị thiệt hại vật chất, gây ảnh hưởng trực tiếp đến sản xuất, kinh doanh do gặp thiên tai, hỏa hoạn, tai nạn bất ngờ; b) Không có khả năng nộp thuế đúng hạn do gặp khó khăn đặc biệt khác theo quy định của Chính phủ. 2. Người nộp thuế thuộc diện được gia hạn nộp thuế theo quy định tại khoản 1 Điều này được gia hạn nộp thuế một phần hoặc toàn bộ tiền thuế phải nộp. 3. Thời gian gia hạn nộp thuế không quá hai năm, kể từ ngày hết thời hạn nộp thuế quy định tại Điều 42 của Luật này. Chính phủ quy định chi tiết thời gian gia hạn nộp thuế đối với từng trường hợp cụ thể. 4. Người nộp thuế không bị phạt chậm nộp tính trên số tiền thuế nợ trong thời gian gia hạn nộp thuế""

--- Trích dẫn 4 ---
- Văn bản: Quản lý thuế (Số: 78/2006/QH11)
- Trạng thái: Hết hiệu lực một phần
- Điều/Khoản: Điều 33
- Nội dung: ""[Quản lý thuế > Chương III]
Gia hạn nộp hồ sơ khai thuế 1. Người nộp thuế không có khả năng nộp hồ sơ khai thuế đúng hạn do thiên tai, hoả hoạn, tai nạn bất ngờ thì được thủ trưởng cơ quan thuế quản lý trực tiếp gia hạn nộp hồ sơ khai thuế. 2. Thời gian gia hạn không quá ba mươi ngày đối với việc nộp hồ sơ khai thuế tháng, khai thuế năm, khai thuế tạm tính, khai thuế theo từng lần phát sinh nghĩa vụ thuế; sáu mươi ngày đối với việc nộp hồ sơ khai quyết toán thuế, kể từ ngày hết thời hạn phải nộp hồ sơ khai thuế. 3. Người nộp thuế phải gửi đến cơ quan thuế văn bản đề nghị gia hạn nộp hồ sơ khai thuế trước khi hết hạn nộp hồ sơ khai thuế, trong đó nêu rõ lý do đề nghị gia hạn có xác nhận của Uỷ ban nhân dân xã, phường, thị trấn hoặc công an xã, phường, thị trấn nơi phát sinh trường hợp được gia hạn quy định tại khoản 1 Điều này. 4. Trong thời hạn năm ngày làm việc, kể từ ngày nhận được văn bản đề nghị gia hạn nộp hồ sơ khai thuế, cơ quan thuế phải trả lời bằng văn bản cho người nộp thuế ...""

--- Trích dẫn 5 ---
- Văn bản: Hướng dẫn thực hiện Quyết định số 08/2000/QÐ-TTG ngày 17/1/2000 của Thủ tướng Chính phủ về việc miễn, giảm thuế thu nhập doanh nghiệp đối với các hộ kinh doanh công thương nghiệp và dịch vụ bị thiên tai, hoả hoạn, tai nạn bất ngờ (Số: 24/2000/TT-BTC)
- Trạng thái: Còn hiệu lực
- Điều/Khoản: Điều 1
- Nội dung: ""[Hướng dẫn thực hiện Quyết định số 08/2000/QÐ-TTG ngày 17/1/2000 của Thủ tướng Chính phủ về việc miễn, giảm thuế thu nhập doanh nghiệp đối với các hộ kinh doanh công thương nghiệp và dịch vụ bị thiên tai, hoả hoạn, tai nạn bất ngờ]
- THÔNG TƯ *Hướng dẫn thực hiện Quyết định số 08/2000/QĐ-TTg ngày17/1/2000 của Thủ tướng Chính phủ về việc miễn, giảm thuế thu nhập doanh nghiệpđối với các hộ kinh doanh công thương nghiệp và dịch vụ bị thiên tai, hoả hoạn,tai nạn bất ngờ * *Căn cứ Nghị định số 30/1998/NĐCP ngày 13/5/1998 của Chính phủ quyđịnh chi tiết thi hành Luật thuế TNDN.* *Căn cứ Quyết định số 08/2000/QĐ-TTg ngày 17/1/ 2000 của Thủ tướngChính phủ về việc miễn giảm thuế thu nhập doanh nghiệp đối với các hộ kinhdoanh công thương nghiệp và dịch vụ bị thiên tai hoả hoạn, tai nạn bất ngờ.* *Bộ Tài chính hướng dẫn thực hiện như sau:* 1. Đối tượng áp dụng: Các hộ kinh doanh công thương nghiệp và dịch vụ trongquá trình kinh doanh gặp thiên tai, hoả hoạn, tai nạn bất ngờ làm thiệt hại tàisản, h..."""
Các loại hình doanh nghiệp được quy định trong Luật Doanh nghiệp gồm những loại nào?,,"Dựa vào các văn bản pháp luật được cung cấp trong context, các loại hình doanh nghiệp được quy định trong Luật Doanh nghiệp bao gồm:

**1. Theo Luật Doanh nghiệp (Số: 59/2020/QH14)** *(Trạng thái: Hết hiệu lực một phần)*:
Tại **Điều 1 (Phạm vi điều chỉnh)** và **Điều 37 (Khoản 2)** quy định các loại hình doanh nghiệp bao gồm:
*   **Công ty trách nhiệm hữu hạn** (bao gồm công ty trách nhiệm hữu hạn một thành viên và công ty trách nhiệm hữu hạn hai thành viên trở lên - theo Điều 88).
*   **Công ty cổ phần**.
*   **Công ty hợp danh**.
*   **Doanh nghiệp tư nhân**.

*Lưu ý về phạm vi áp dụng và hiệu lực:* Văn bản này hiện có trạng thái ""Hết hiệu lực một phần"", tuy nhiên phần nội dung quy định về các loại hình doanh nghiệp nêu trên vẫn được ghi nhận đồng bộ tại Điều 1 và Điều 37 của văn bản này.

---

**2. Theo Nghị định Hướng dẫn thi hành một số điều của Luật Doanh nghiệp (Số: 03/2000/NĐ-CP)** *(Trạng thái: Còn hiệu lực)*:
Tại **Điều 1 (Đối tượng áp dụng)**, các loại hình doanh nghiệp được áp dụng bao gồm:
*   Công ty trách nhiệm hữu hạn, công ty cổ phần, công ty hợp danh và doanh nghiệp tư nhân được thành lập theo quy định của Luật Doanh nghiệp.
*   Công ty trách nhiệm hữu hạn, công ty cổ phần, doanh nghiệp tư nhân đã thành lập và hoạt động theo Luật Công ty, Luật Doanh nghiệp tư nhân ngày 21/12/1990 và các Luật sửa đổi, bổ sung ngày 22/6/1994.
*   Công ty cổ phần được thành lập từ việc cổ phần hóa doanh nghiệp nhà nước, hoặc cổ phần hóa doanh nghiệp của Đảng, doanh nghiệp của tổ chức chính trị - xã hội.
*   Công ty trách nhiệm hữu hạn được thành lập từ việc chuyển đổi doanh nghiệp nhà nước, hoặc chuyển đổi doanh nghiệp của Đảng, doanh nghiệp của tổ chức chính trị - xã hội.","[NGỮ CẢNH PHÁP LÝ ĐƯỢC CUNG CẤP]

--- Trích dẫn 1 ---
- Văn bản: doanh nghiệp (Số: 59/2020/QH14)
- Trạng thái: Hết hiệu lực một phần
- Điều/Khoản: Điều 37
- Nội dung: ""[doanh nghiệp > Phần 1]
Tên doanh nghiệp 1. Tên tiếng Việt của doanh nghiệp bao gồm hai thành tố theo thứ tự sau đây: a) Loại hình doanh nghiệp; b) Tên riêng. 2. Loại hình doanh nghiệp được viết là “công ty trách nhiệm hữu hạn” hoặc “công ty TNHH” đối với công ty trách nhiệm hữu hạn; được viết là “công ty cổ phần” hoặc “công ty CP” đối với công ty cổ phần; được viết là “công ty hợp danh” hoặc “công ty HD” đối với công ty hợp danh; được viết là “doanh nghiệp tư nhân”, “DNTN” hoặc “doanh nghiệp TN” đối với doanh nghiệp tư nhân. 3. Tên riêng được viết bằng các chữ cái trong bảng chữ cái tiếng Việt, các chữ F, J, Z, W, chữ số và ký hiệu. 4. Tên doanh nghiệp phải được gắn tại trụ sở chính, chi nhánh, văn phòng đại diện, địa điểm kinh doanh của doanh nghiệp. Tên doanh nghiệp phải được in hoặc viết trên các giấy tờ giao dịch, hồ sơ tài liệu và ấn phẩm do doanh nghiệp phát hành. 5. Căn cứ vào quy định tại Điều này và các điều 38, 39 và 41 của Luật này, Cơ quan đăng ký kinh doanh có quyền từ ch...""

--- Trích dẫn 2 ---
- Văn bản: Hướng dẫn thi hành một số điều của Luật Doanh nghiệp (Số: 03/2000/NĐ-CP)
- Trạng thái: Còn hiệu lực
- Điều/Khoản: Điều 1
- Nội dung: ""[Hướng dẫn thi hành một số điều của Luật Doanh nghiệp]
Đối tượng áp dụng Nghị định này áp dụng đối với các loại hình doanh nghiệp sau đây: 1. Công ty trách nhiệm hữu hạn, công ty cổ phần, công ty hợp danh và doanh nghiệp tư nhân được thành lập theo quy định của Luật Doanh nghiệp; 2. Công ty trách nhiệm hữu hạn, công ty cổ phần, doanh nghiệp tư nhân đã thành lập và hoạt động theo quy định của Luật Công ty, Luật Doanh nghiệp tư nhân ngày 21 tháng 12 năm 1990 và Luật sửa đổi, bổ sung một số điều của Luật Công ty, Luật sửa đổi, bổ sung một số điều của Luật Doanh nghiệp tư nhân ngày 22 tháng 6 năm 1994; 3. Công ty cổ phần được thành lập từ việc cổ phần hoá doanh nghiệp nhà nước; 4. Công ty cổ phần được thành lập từ việc cổ phần hoá doanh nghiệp của Đảng, doanh nghiệp của tổ chức chính trị - xã hội; 5. Công ty trách nhiệm hữu hạn được thành lập từ việc chuyển đổi doanh nghiệp nhà nước; 6. Công ty trách nhiệm hữu hạn được thành lập từ việc chuyển đổi doanh nghiệp của Đảng, doanh nghiệp của tổ...""

--- Trích dẫn 3 ---
- Văn bản: doanh nghiệp (Số: 59/2020/QH14)
- Trạng thái: Hết hiệu lực một phần
- Điều/Khoản: Điều 88
- Nội dung: ""[doanh nghiệp > Phần 1 > Chương IV]
Doanh nghiệp nhà nước 1. Doanh nghiệp nhà nước được tổ chức quản lý dưới hình thức công ty trách nhiệm hữu hạn, công ty cổ phần, bao gồm: a) Doanh nghiệp do Nhà nước nắm giữ 100% vốn điều lệ; b) Doanh nghiệp do Nhà nước nắm giữ trên 50% vốn điều lệ hoặc tổng số cổ phần có quyền biểu quyết, trừ doanh nghiệp quy định tại điểm a khoản 1 Điều này. 2. Doanh nghiệp do Nhà nước nắm giữ 100% vốn điều lệ theo quy định tại điểm a khoản 1 Điều này bao gồm: a) Công ty trách nhiệm hữu hạn một thành viên do Nhà nước nắm giữ 100% vốn điều lệ là công ty mẹ của tập đoàn kinh tế nhà nước, công ty mẹ của tổng công ty nhà nước, công ty mẹ trong nhóm công ty mẹ - công ty con; b) Công ty trách nhiệm hữu hạn một thành viên là công ty độc lập do Nhà nước nắm giữ 100% vốn điều lệ. 3. Doanh nghiệp do Nhà nước nắm giữ trên 50% vốn điều lệ hoặc tổng số cổ phần có quyền biểu quyết theo quy định tại điểm b khoản 1 Điều này bao gồm: a) Công ty trách nhiệm hữu hạn hai thành viên tr...""

--- Trích dẫn 4 ---
- Văn bản: Về việc chuyển các tổ chức kinh tế đã đăng ký và đang hoạt động theo Quyết định số 268-CT ngày 30 tháng 07 năm 1990 sang theo đăng ký và hoạt động theo loại doanh nghiệp mới phù hợp với hệ thống pháp luật hiện hành (Số: 196-CT)
- Trạng thái: Còn hiệu lực
- Điều/Khoản: Điều 1
- Nội dung: ""[Về việc chuyển các tổ chức kinh tế đã đăng ký và đang hoạt động theo Quyết định số 268-CT ngày 30 tháng 07 năm 1990 sang theo đăng ký và hoạt động theo loại doanh nghiệp mới phù hợp với hệ thống pháp luật hiện hành]
Tất cả các tổ chức kinh tế đã thành lập, đăng ký và đang hoạt động theo Quyết định số 268-CT ngày 30 tháng 7 năm 1990, nay phải đối chiếu với các quy định của pháp luật hiện hành về các loại doanh nghiệp mà đăng ký lại : mỗi tổ chức kinh tế có điều kiện phù hợp với loại doanh nghiệp nào thì phải làm thủ tục thành lập, đăng ký và hoạt động theo quy định của pháp luật hiện hành đối với loại doanh nghiệp ấy, cụ thể như sau:- Nếu tổ chức thành doanh nghiệp Nhà nước, thì thực hiện theo đúng quy trình đã xác định trong Nghị định số 388-HĐBT ngày 20 tháng 11 năm 1991 và Nghị định số 156-HĐBT ngày 7 tháng 5 năm 1992 của Hội đồng Bộ trưởng.- Nếu tổ chức thành công ty trách nhiệm hữu hạn hoặc Công ty cổ phần, thì thực hiện theo luật Công ty ngày 21 tháng 12 năm 1990 và Nghị định số ...""

--- Trích dẫn 5 ---
- Văn bản: doanh nghiệp (Số: 59/2020/QH14)
- Trạng thái: Hết hiệu lực một phần
- Điều/Khoản: Điều 1
- Nội dung: ""[doanh nghiệp > Chương I]
Phạm vi điều chỉnh Luật này quy định về việc thành lập, tổ chức quản lý, tổ chức lại, giải thể và hoạt động có liên quan của doanh nghiệp, bao gồm công ty trách nhiệm hữu hạn, công ty cổ phần, công ty hợp danh và doanh nghiệp tư nhân; quy định về nhóm công ty"""
Doanh nghiệp phải lưu trữ chứng từ kế toán trong thời gian bao lâu?,,"Dựa vào các văn bản pháp luật được cung cấp trong context, dưới đây là câu trả lời chi tiết về việc lưu trữ chứng từ kế toán của doanh nghiệp:

**1. Thời hạn lưu trữ chứng từ kế toán của doanh nghiệp:**
*   **Thông tin từ context:** Theo **Khoản 2 Điều 11 Luật Doanh nghiệp (Số: 59/2020/QH14)** (Trạng thái: Hết hiệu lực một phần), doanh nghiệp phải lưu giữ các tài liệu bao gồm sổ kế toán, chứng từ kế toán, báo cáo tài chính hằng năm tại trụ sở chính hoặc địa điểm khác được quy định trong Điều lệ công ty. Tuy nhiên, về thời hạn lưu giữ cụ thể, điều khoản này chỉ quy định chung là: **""thời hạn lưu giữ thực hiện theo quy định của pháp luật""** (nội dung text bị khuyết phần sau: *""quy định của p...""*).
*   **Đánh giá tính đầy đủ của Context:** Context được cung cấp **chưa có đủ thông tin** để xác định chính xác số năm cụ thể (ví dụ: 5 năm, 10 năm hay vĩnh viễn) mà doanh nghiệp bắt buộc phải lưu trữ chứng từ kế toán theo quy định của pháp luật về kế toán.

**2. Quy định về trách nhiệm và địa điểm lưu trữ chứng từ kế toán (theo các văn bản còn hiệu lực trong context):**
*   **Đối với doanh nghiệp nói chung:** Phải lưu giữ sổ kế toán, chứng từ kế toán, báo cáo tài chính hằng năm tại trụ sở chính hoặc địa điểm khác được quy định trong Điều lệ công ty (*Khoản 1 và Khoản 2 Điều 11 Luật Doanh nghiệp số 59/2020/QH14*).
*   **Đối với doanh nghiệp nhận kinh phí từ Quỹ hỗ trợ sắp xếp doanh nghiệp:** Có trách nhiệm bảo quản, lưu trữ sổ sách, chứng từ, tài liệu có liên quan đến hoạt động thu chi của Quỹ theo quy định hiện hành về kế toán để phục vụ công tác kiểm tra, giám sát (*Điều 21 Thông tư số 10/2013/TT-BTC*).
*   **Đối với Hợp tác xã, liên hiệp hợp tác xã:** Phải thực hiện chế độ quản lý, lưu giữ tài liệu, chứng từ, hồ sơ tài chính, kế toán theo quy định của pháp luật có liên quan (*Điều 28 Thông tư số 83/2015/TT-BTC*).
*   **Đối với tài liệu kế toán nghiệp vụ thuế xuất khẩu, nhập khẩu:** Tài liệu kế toán lưu trữ phải là bản chính (bao gồm cả bản in ra giấy và thông điệp dữ liệu điện tử) và phải bảo đảm an toàn, nguyên vẹn (*Điều 10 Thông tư số 212/2014/TT-BTC*).

**Kết luận:** Context hiện tại **chưa đủ dữ liệu** để trả lời cụ thể thời gian lưu trữ chứng từ kế toán là bao nhiêu năm, chỉ nêu nguyên tắc là thực hiện theo ""quy định của pháp luật"" liên quan (pháp luật về kế toán).","[NGỮ CẢNH PHÁP LÝ ĐƯỢC CUNG CẤP]

--- Trích dẫn 1 ---
- Văn bản: Hướng dẫn trợ giúp đào tạo, bồi dưỡng nguồn nhân lực cho các doanh nghiệp nhỏ và vừa (Số: 04/2014/TTLT-BKHĐT-BTC)
- Trạng thái: Còn hiệu lực
- Điều/Khoản: Điều 11
- Nội dung: ""[Hướng dẫn trợ giúp đào tạo, bồi dưỡng nguồn nhân lực cho các doanh nghiệp nhỏ và vừa > Chương II]
Lưu trữ hồ sơ 1. Đơn vị đào tạo phải lưu trữ toàn bộ hồ sơ, chứng từ liên quan theo từng khóa đào tạo, đảm bảo công tác lưu trữ và thời gian lưu trữ theo đúng quy định của pháp luật hiện hành về tài liệu lưu trữ. 2. Đối với đơn vị quản lý đào tạo: ngoài việc lưu trữ hồ sơ khi trực tiếp tổ chức các khóa đào tạo theo quy định, hồ sơ lưu trữ còn bao gồm: a) Trường hợp ký hợp đồng với tổ chức cung cấp dịch vụ đào tạo: - Hợp đồng, biên bản thanh lý hợp đồng với tổ chức cung cấp dịch vụ đào tạo kèm báo cáo quyết toán kinh phí tổ chức khóa đào tạo, hóa đơn tài chính về việc cung cấp dịch vụ đào tạo theo quy định hiện hành. - Chứng từ thanh toán kinh phí cho tổ chức cung cấp dịch vụ đào tạo. - Các chứng từ, tài liệu khác có liên quan. b) Các báo cáo tổng hợp tình hình thực hiện, tổng hợp quyết toán kinh phí tổ chức các khóa đào tạo thuộc trách nhiệm của đơn vị quản lý đào tạo""

--- Trích dẫn 2 ---
- Văn bản: Hướng dẫn kế toán nghiệp vụ thuế và thu khác đối với hàng hóa xuất khẩu, nhập khẩu (Số: 212/2014/TT-BTC)
- Trạng thái: Còn hiệu lực
- Điều/Khoản: Điều 10
- Nội dung: ""[Hướng dẫn kế toán nghiệp vụ thuế và thu khác đối với hàng hóa xuất khẩu, nhập khẩu > Chương I]
Lưu trữ tài liệu kế toán 1. Lưu trữ tài liệu kế toán phải bảo đảm an toàn, nguyên vẹn các thông tin kế toán để chứng minh các báo cáo nghiệp vụ thuế xuất nhập khẩu. Lưu trữ tài liệu kế toán bao gồm lưu trữ tài liệu kế toán đã in ra giấy và tài liệu kế toán dưới dạng thông điệp dữ liệu điện tử. 2. Lưu trữ tài liệu kế toán đã in ra giấy: Tài liệu kế toán phải lưu trữ bao gồm: Chứng từ kế toán; sổ kế toán; báo cáo kế toán và các tài liệu khác đã được đơn vị in ra giấy. Tài liệu kế toán phải được bảo quản đầy đủ, an toàn trong quá trình sử dụng. Người làm kế toán nghiệp vụ thuế xuất nhập khẩu có trách nhiệm bảo quản tài liệu kế toán của mình trong quá trình sử dụng. Tài liệu kế toán lưu trữ phải là bản chính theo quy định của pháp luật cho từng loại tài liệu kế toán. Trường hợp tài liệu kế toán bị tạm giữ, bị tịch thu, bị mất hoặc bị hủy hoại thì phải có biên bản kèm theo bản sao chụp tài liệu b...""

--- Trích dẫn 3 ---
- Văn bản: doanh nghiệp (Số: 59/2020/QH14)
- Trạng thái: Hết hiệu lực một phần
- Điều/Khoản: Điều 11
- Nội dung: ""[doanh nghiệp > Chương I]
Chế độ lưu giữ tài liệu của doanh nghiệp 1. Tùy theo loại hình, doanh nghiệp phải lưu giữ các tài liệu sau đây: a) Điều lệ công ty; quy chế quản lý nội bộ của công ty; sổ đăng ký thành viên hoặc sổ đăng ký cổ đông; b) Văn bằng bảo hộ quyền sở hữu công nghiệp; giấy chứng nhận đăng ký chất lượng sản phẩm, hàng hóa, dịch vụ; giấy phép và giấy chứng nhận khác; c) Tài liệu, giấy tờ xác nhận quyền sở hữu tài sản của công ty; d) Phiếu biểu quyết, biên bản kiểm phiếu, biên bản họp Hội đồng thành viên, Đại hội đồng cổ đông, Hội đồng quản trị; các quyết định của doanh nghiệp; đ) Bản cáo bạch để chào bán hoặc niêm yết chứng khoán; e) Báo cáo của Ban kiểm soát, kết luận của cơ quan thanh tra, kết luận của tổ chức kiểm toán; g) Sổ kế toán, chứng từ kế toán, báo cáo tài chính hằng năm. 2. Doanh nghiệp phải lưu giữ các tài liệu quy định tại khoản 1 Điều này tại trụ sở chính hoặc địa điểm khác được quy định trong Điều lệ công ty; thời hạn lưu giữ thực hiện theo quy định của p...""

--- Trích dẫn 4 ---
- Văn bản: Hướng dẫn cơ chế quản lý và sử dụng Quỹ hỗ trợ sắp xếp doanh nghiệp tại các Công ty mẹ của Tập đoàn kinh tế, Tổng công ty nhà nước, Công ty mẹ trong tổ hợp công ty mẹ - công ty con (Số: 10/2013/TT-BTC)
- Trạng thái: Còn hiệu lực
- Điều/Khoản: Điều 21
- Nội dung: ""[Hướng dẫn cơ chế quản lý và sử dụng Quỹ hỗ trợ sắp xếp doanh nghiệp tại các Công ty mẹ của Tập đoàn kinh tế, Tổng công ty nhà nước, Công ty mẹ trong tổ hợp công ty mẹ - công ty con > Chương II > Mục 5]
Lưu hồ sơ chứng từ Cơ quan quản lý Quỹ, các doanh nghiệp, cơ quan bảo hiểm xã hội, cơ sở đào tạo nghề nhận kinh phí từ Quỹ có trách nhiệm bảo quản, lưu trữ sổ sách, chứng từ, tài liệu có liên quan đến hoạt động thu chi của Quỹ theo quy định hiện hành về kế toán để phục vụ công tác kiểm tra, giám sát của Bộ Tài chính, cơ quan quản lý Quỹ và của các cơ quan liên quan""

--- Trích dẫn 5 ---
- Văn bản: Hướng dẫn chế độ quản lý tài chính đối với hợp tác xã (Số: 83/2015/TT-BTC)
- Trạng thái: Còn hiệu lực
- Điều/Khoản: Điều 28
- Nội dung: ""[Hướng dẫn chế độ quản lý tài chính đối với hợp tác xã > Mục 7]
Quản lý hồ sơ chứng từ Hợp tác xã, liên hiệp hợp tác xã phải thực hiện chế độ quản lý, lưu giữ tài liệu, chứng từ, hồ sơ tài chính, kế toán theo quy định của pháp luật có liên quan"""
Những trường hợp nào người nộp thuế được miễn tiền chậm nộp?,,"Dựa trên các văn bản pháp luật được cung cấp trong context, dưới đây là các trường hợp người nộp thuế được miễn hoặc không phải nộp tiền chậm nộp thuế, kèm theo phạm vi áp dụng và hiệu lực văn bản:

### 1. Trường hợp không phải nộp tiền chậm nộp do chưa được Ngân sách nhà nước thanh toán
*   **Nội dung:** Người nộp thuế cung ứng hàng hóa, dịch vụ được thanh toán bằng nguồn vốn ngân sách nhà nước (hoặc được thanh toán một phần từ nguồn ngân sách nhà nước, phần còn lại từ nguồn ngoài ngân sách) nhưng chưa được đơn vị sử dụng vốn ngân sách nhà nước thanh toán, dẫn đến không nộp thuế kịp thời và nợ thuế thì không phải nộp tiền chậm nộp tiền thuế.
*   **Văn bản áp dụng:** Điều 34a, Thông tư số 26/2015/TT-BTC ngày 27/02/2015 của Bộ Tài chính (sửa đổi, bổ sung Thông tư số 39/2014/TT-BTC).
*   **Trạng thái hiệu lực:** Văn bản này hiện ở trạng thái **""Hết hiệu lực một phần""**.

### 2. Trường hợp miễn xử phạt vi phạm pháp luật về thuế (bao gồm xử phạt chậm nộp) do gặp thiên tai, tai nạn bất ngờ
*   **Nội dung:** Người bị xử phạt vi phạm pháp luật về thuế có quyền đề nghị miễn xử phạt vi phạm pháp luật về thuế (bao gồm hành vi chậm nộp tiền thuế) trong trường hợp gặp thiên tai, hỏa hoạn, tai nạn bất ngờ hoặc trường hợp bất khả kháng khác. 
    *   *Lưu ý:* Không miễn xử phạt đối với các trường hợp đã thực hiện quyết định xử phạt của cơ quan quản lý thuế hoặc cơ quan nhà nước có thẩm quyền.
*   **Văn bản áp dụng:** Điều 111, Luật Quản lý thuế số 78/2006/QH11.
*   **Trạng thái hiệu lực:** Văn bản này hiện ở trạng thái **""Hết hiệu lực một phần""**.

---

### **Lưu ý quan trọng về giới hạn của Context:**
*   **Về tính cập nhật:** Các văn bản được cung cấp trong context (Luật Quản lý thuế 2006, Thông tư 38/2015/TT-BTC, Thông tư 26/2015/TT-BTC, Nghị định 100/2016/NĐ-CP) đều đang ở trạng thái **""Hết hiệu lực một phần""**. Context chưa cung cấp các văn bản thay thế hoặc sửa đổi mới nhất (như Luật Quản lý thuế năm 2019 hiện hành) để xác định các quy định này có còn hiệu lực hoàn toàn ở thời điểm hiện tại hay không.
*   **Trường hợp nộp dần tiền thuế:** Theo Điều 38 Nghị định số 100/2016/NĐ-CP (sửa đổi Điểm a Khoản 2 Điều 39), trong thời gian được nộp dần tiền thuế nợ, người nộp thuế **vẫn phải nộp tiền chậm nộp** theo mức 0,03%/ngày chứ không được miễn.","[NGỮ CẢNH PHÁP LÝ ĐƯỢC CUNG CẤP]

--- Trích dẫn 1 ---
- Văn bản: Hướng dẫn về thuế gỉá trị gia tăng và quản lý thuế tai Nghị đinh số 12/2015/NĐ-CP ngày 12 tháng 2 năm 2015 của Chính phủ quy định chi tỉết thi hành Luật sửa đổi, bổ sung một số điều của các Luật về thuế và sửa đổi, bổ sung một số điều của các Nghị định về thuế và sửa đổỉ, bổ sung môt số điều của Thồng tư số 39/2014/TT-BTC ngày 31/3/2014 của Bộ Tài chính về hóa đơn bán hàng hóa, cung ứng dịch vụ (Số: 26/2015/TT-BTC)
- Trạng thái: Hết hiệu lực một phần
- Điều/Khoản: Điều 34a
- Nội dung: ""[Hướng dẫn về thuế gỉá trị gia tăng và quản lý thuế tai Nghị đinh số 12/2015/NĐ-CP ngày 12 tháng 2 năm 2015 của Chính phủ quy định chi tỉết thi hành Luật sửa đổi, bổ sung một số điều của các Luật về thuế và sửa đổi, bổ sung một số điều của các Nghị định về thuế và sửa đổỉ, bổ sung môt số điều của Thồng tư số 39/2014/TT-BTC ngày 31/3/2014 của Bộ Tài chính về hóa đơn bán hàng hóa, cung ứng dịch vụ]
Không tính tiền chậm nộp 1. Người nộp thuế cung ứng hàng hoá, dịch vụ được thanh toán bằng nguồn vốn ngân sách nhà nước nhưng chưa được đơn vị sử dụng vốn ngân sách nhà nước thanh toán (sau đây gọi chung là người nộp thuế) nên không nộp thuế kịp thời dẫn đến nợ thuế thì không phải nộp tiền chậm nộp tiền thuế. Trường hợp người nộp thuế cung ứng hàng hoá, dịch vụ được thanh toán một phần từ nguồn vốn ngân sách nhà nước, phần còn lại từ nguồn ngoài ngân sách, nhưng chưa được đơn vị sử dụng vốn ngân sách nhà nước thanh toán nên không nộp thuế kịp thời dẫn đến nợ thuế thì người nộp thuế không phải ...""

--- Trích dẫn 2 ---
- Văn bản: Quy định về thủ tục hải quan; kiểm tra, giám sát hải quan; thuế xuất khẩu thuế nhập khẩu và quản lý thuế đối vớỉ hàng hoá xuất khẩu, nhập khẩu. (Số: 38/2015/TT-BTC)
- Trạng thái: Hết hiệu lực một phần
- Điều/Khoản: Điều 133
- Nội dung: ""[Quy định về thủ tục hải quan; kiểm tra, giám sát hải quan; thuế xuất khẩu thuế nhập khẩu và quản lý thuế đối vớỉ hàng hoá xuất khẩu, nhập khẩu. > Chương II > Mục 5]
Tiền chậm nộp 1. Người nộp thuế nộp tiền chậm nộp trong các trường hợp: a) Nộp tiền thuế chậm so với thời hạn quy định, thời hạn được gia hạn nộp thuế, thời hạn ghi trong thông báo, trong quyết định xử lý vi phạm pháp luật về thuế của cơ quan hải quan và văn bản xử lý về thuế của cơ quan có thẩm quyền; b) Nộp thiếu tiền thuế do khai sai số thuế phải nộp, số thuế được miễn, số thuế được giảm, số thuế được hoàn; c) Được nộp dần tiền thuế theo quy định tại Điều 134 Thông tư này; d) Trường hợp khai báo làm thủ tục xuất khẩu, nhập khẩu hàng hóa là đối tượng không chịu thuế, hàng hóa được miễn thuế, hàng hóa được áp dụng thuế suất ưu đãi, ưu đãi đặc biệt, mức thuế theo hạn ngạch thuế quan nhưng sau kiểm tra, xác định hàng hóa thuộc đối tượng chịu thuế, không được miễn thuế, không được ưu đãi về thuế. 2. Cơ quan, tổ chức thu tiền...
Tác động ra ngoài: SUPPLEMENTS→38/2015/TT-BTC; AMENDS→38/2015/TT-BTC""

--- Trích dẫn 3 ---
- Văn bản: Quy định chi tiết và hướng dẫn thi hành một số điều của Luật sửa đổi, bổ sung một số điều của Luật thuế giá trị gia tăng, Luật thuế tiêu thụ đặc biệt và Luật quản lý thuế (Số: 100/2016/NĐ-CP)
- Trạng thái: Hết hiệu lực một phần
- Điều/Khoản: Điều 38
- Nội dung: ""[Quy định chi tiết và hướng dẫn thi hành một số điều của Luật sửa đổi, bổ sung một số điều của Luật thuế giá trị gia tăng, Luật thuế tiêu thụ đặc biệt và Luật quản lý thuế]
3. Điểm a khoản 2 Điều 39 được sửa đổi, bổ sung như sau: “a) Trong thời gian nộp dần tiền thuế nợ, người nộp thuế vẫn phải nộp tiền chậm nộp theo mức 0,03%/ngày trên số tiền thuế chậm nộp. Người nộp thuế có trách nhiệm nộp đủ số tiền thuế, tiền chậm nộp đã cam kết.” 4. Điểm a khoản 2 Điều 42 được sửa đổi, bổ sung như sau: “a) Miễn, giảm thuế tiêu thụ đặc biệt, thuế tài nguyên, thuế thu nhập cá nhân cho người nộp thuế bị thiên tai, hỏa hoạn, tai nạn bất ngờ không có khả năng nộp thuế theo quy định của pháp luật; miễn thuế sử dụng đất phi nông nghiệp, thuế sử dụng đất nông nghiệp, tiền thuê đất, thuê mặt nước, lệ phí trước bạ cho người nộp thuế theo quy định của pháp luật; miễn thuế đối với hộ gia đình, cá nhân có số thuế sử dụng đất phi nông nghiệp phải nộp hàng năm từ 50.000 đồng trở xuống. Bộ Tài chính quy định cụ ...""

--- Trích dẫn 4 ---
- Văn bản: Quản lý thuế (Số: 78/2006/QH11)
- Trạng thái: Hết hiệu lực một phần
- Điều/Khoản: Điều 106
- Nội dung: ""[Quản lý thuế > Chương XII]
Xử phạt đối với hành vi chậm nộp tiền thuế 1. Người nộp thuế có hành vi chậm nộp tiền thuế so với thời hạn quy định, thời hạn gia hạn nộp thuế, thời hạn ghi trong thông báo của cơ quan quản lý thuế, thời hạn trong quyết định xử lý của cơ quan quản lý thuế thì phải nộp đủ tiền thuế và bị xử phạt 0,05% mỗi ngày tính trên số tiền thuế chậm nộp. 2. Người nộp thuế khai sai dẫn đến làm thiếu số tiền phải nộp hoặc không khai thuế nếu tự giác khắc phục hậu quả bằng cách nộp đủ số tiền thuế phải nộp trước khi cơ quan có thẩm quyền phát hiện thì bị xử phạt chậm nộp thuế theo quy định tại Điều này, nhưng không bị xử phạt vi phạm thủ tục hành chính thuế, thiếu thuế, trốn thuế. Đối với hàng hoá xuất khẩu, nhập khẩu thì trong thời hạn sáu mươi ngày, kể từ ngày đăng ký tờ khai hải quan nhưng trước khi cơ quan hải quan kiểm tra, thanh tra mà đối tượng nộp thuế tự phát hiện ra những sai sót ảnh hưởng đến số tiền thuế phải nộp và chủ động nộp số tiền thuế còn thiếu vào ngân s...""

--- Trích dẫn 5 ---
- Văn bản: Quản lý thuế (Số: 78/2006/QH11)
- Trạng thái: Hết hiệu lực một phần
- Điều/Khoản: Điều 111
- Nội dung: ""[Quản lý thuế > Chương XII]
Miễn xử phạt vi phạm pháp luật về thuế 1. Người bị xử phạt vi phạm pháp luật về thuế có quyền đề nghị miễn xử phạt vi phạm pháp luật về thuế trong trường hợp gặp thiên tai, hoả hoạn, tai nạn bất ngờ hoặc trường hợp bất khả kháng khác. 2. Không miễn xử phạt vi phạm pháp luật về thuế đối với các trường hợp đã thực hiện quyết định xử phạt vi phạm pháp luật về thuế của cơ quan quản lý thuế hoặc cơ quan nhà nước có thẩm quyền. 3. Chính phủ quy định thẩm quyền, thủ tục miễn xử phạt"""
Doanh nghiệp có thể tạm ngừng kinh doanh tối đa trong bao lâu và phải thực hiện thủ tục gì?,,"Dựa vào các văn bản pháp luật được cung cấp trong context, dưới đây là câu trả lời chi tiết về thời hạn tối đa và thủ tục tạm ngừng kinh doanh của doanh nghiệp:

### 1. Về thời hạn tạm ngừng kinh doanh tối đa
**Context được cung cấp chưa có thông tin đầy đủ** để xác định doanh nghiệp được tạm ngừng kinh doanh tối đa trong bao lâu. Các điều khoản trong context (Điều 21 Nghị định 23/2022/NĐ-CP, Điều 206 Luật Doanh nghiệp 59/2020/QH14, Điều 36 Quyết định 71/2014/QĐ-UBND, Điều 14 Thông tư 203/2012/TT-BTC, Điều 15 Nghị định 02/2000/NĐ-CP) chỉ quy định về thẩm quyền, lý do, thời hạn báo trước và trình tự thông báo, không có nội dung nào quy định về ""thời hạn tối đa"" (số tháng hoặc số năm) được phép tạm ngừng kinh doanh.

---

### 2. Về thủ tục thực hiện tạm ngừng kinh doanh
Thủ tục tạm ngừng kinh doanh được áp dụng theo từng đối tượng doanh nghiệp và thời kỳ lịch sử/lĩnh vực cụ thể được ghi nhận trong context như sau:

#### A. Đối với doanh nghiệp nói chung (Theo Luật Doanh nghiệp số 59/2020/QH14 - Trạng thái: Hết hiệu lực một phần)
*   **Thủ tục:** Doanh nghiệp phải thông báo bằng văn bản cho Cơ quan đăng ký kinh doanh.
*   **Thời hạn thực hiện:** Chậm nhất là **03 ngày làm việc** trước ngày tạm ngừng kinh doanh hoặc tiếp tục kinh doanh trước thời hạn đã thông báo.
*   *Trích dẫn:* Khoản 1 Điều 206 Luật Doanh nghiệp (Số: 59/2020/QH14).

#### B. Đối với doanh nghiệp do Nhà nước nắm giữ 100% vốn điều lệ (Theo Nghị định số 23/2022/NĐ-CP - Trạng thái: Còn hiệu lực)
*   **Thủ tục:** 
    1.  Doanh nghiệp tạm ngừng hoạt động theo yêu cầu của cơ quan đại diện chủ sở hữu hoặc theo yêu cầu của cơ quan đăng ký kinh doanh, cơ quan nhà nước có thẩm quyền (đối với ngành, nghề kinh doanh có điều kiện).
    2.  Sau khi cơ quan đại diện chủ sở hữu ra quyết định bằng văn bản, doanh nghiệp có trách nhiệm thực hiện các thủ tục tạm ngừng kinh doanh theo quy định của pháp luật.
    3.  Trường hợp bị cơ quan nhà nước yêu cầu tạm ngừng kinh doanh ngành, nghề có điều kiện, doanh nghiệp phải báo cáo cơ quan đại diện chủ sở hữu.
*   *Trích dẫn:* Điều 21 Nghị định số 23/2022/NĐ-CP.
*   *Trường hợp cụ thể (Công ty TNHH MTV Xổ số Kiến thiết Ninh Thuận - Quyết định 71/2014/QĐ-UBND):* Chủ sở hữu quyết định việc tạm ngừng bằng văn bản theo đề nghị của Chủ tịch Công ty. Công ty tổ chức thực hiện tạm ngừng phù hợp với Luật Doanh nghiệp, Nghị định 172/2013/NĐ-CP, pháp luật về thuế và đăng ký doanh nghiệp (Điều 36 Quyết định số 71/2014/QĐ-UBND).

#### C. Đối với doanh nghiệp kiểm toán (Theo Thông tư số 203/2012/TT-BTC - Trạng thái: Hết hiệu lực một phần)
*   **Thủ tục:** 
    1.  Gửi thông báo về việc tạm ngừng kinh doanh dịch vụ kiểm toán (theo mẫu tại Phụ lục XI) đến Bộ Tài chính.
    2.  **Thời hạn thực hiện:** Ít nhất **15 ngày** trước ngày dự định tạm ngừng kinh doanh.
    3.  Khi hoạt động trở lại, phải thông báo bằng văn bản cho Bộ Tài chính chậm nhất là **10 ngày** trước ngày hoạt động trở lại.
*   *Trích dẫn:* Khoản 1 và Khoản 3 Điều 14 Thông tư số 203/2012/TT-BTC.

#### D. Quy định cũ về đăng ký kinh doanh (Theo Nghị định số 02/2000/NĐ-CP - Trạng thái: Còn hiệu lực trên hệ thống nhưng thực tế áp dụng cho giai đoạn trước)
*   **Thủ tục:** Doanh nghiệp phải thông báo bằng văn bản cho Phòng đăng ký kinh doanh cấp tỉnh nơi đã đăng ký và cơ quan thuế.
*   **Thời hạn thực hiện:** Ít nhất **15 ngày** trước khi tạm ngừng hoạt động.
*   **Nội dung thông báo gồm:** Tên, số ĐKKD, ngày cấp GCN ĐKKD; Địa chỉ trụ sở chính; Ngành, nghề kinh doanh; Thời hạn tạm ngừng (ngày bắt đầu, ngày kết thúc); Lý do tạm ngừng.
*   *Trích dẫn:* Điều 15 Nghị định số 02/2000/NĐ-CP.","[NGỮ CẢNH PHÁP LÝ ĐƯỢC CUNG CẤP]

--- Trích dẫn 1 ---
- Văn bản: Về thành lập, sắp xếp lại, chuyển đổi sở hữu, chuyển giao quyền đại diện chủ sở hữu tại doanh nghiệp do Nhà nước nắm giữ 100% vốn điều lệ (Số: 23/2022/NĐ-CP)
- Trạng thái: Còn hiệu lực
- Điều/Khoản: Điều 21
- Nội dung: ""[Về thành lập, sắp xếp lại, chuyển đổi sở hữu, chuyển giao quyền đại diện chủ sở hữu tại doanh nghiệp do Nhà nước nắm giữ 100% vốn điều lệ > Chương III > Mục 1]
Tạm ngừng, đình chỉ hoạt động, chấm dứt kinh doanh tại doanh nghiệp do Nhà nước nắm giữ 100% vốn điều lệ 1. Doanh nghiệp tạm ngừng, đình chỉ hoạt động, chấm dứt kinh doanh theo yêu cầu của cơ quan đại diện chủ sở hữu và các trường hợp quy định tại khoản 2 Điều 206 Luật Doanh nghiệp. 2. Trình tự, thủ tục tạm ngừng, đình chỉ hoạt động, chấm dứt kinh doanh: Sau khi cơ quan đại diện chủ sở hữu ra quyết định tạm ngừng, đình chỉ hoạt động, chấm dứt kinh doanh, doanh nghiệp có trách nhiệm thực hiện các thủ tục tạm ngừng, đình chỉ hoạt động, chấm dứt kinh doanh theo quy định của pháp luật. Trường hợp cơ quan đăng ký kinh doanh, cơ quan nhà nước có thẩm quyền yêu cầu tạm ngừng kinh doanh ngành, nghề kinh doanh có điều kiện, doanh nghiệp do Nhà nước nắm giữ 100% vốn điều lệ có trách nhiệm báo cáo cơ quan đại diện chủ sở hữu doanh nghiệp ...""

--- Trích dẫn 2 ---
- Văn bản: doanh nghiệp (Số: 59/2020/QH14)
- Trạng thái: Hết hiệu lực một phần
- Điều/Khoản: Điều 206
- Nội dung: ""[doanh nghiệp > Phần 1]
Tạm ngừng, đình chỉ hoạt động, chấm dứt kinh doanh 1. Doanh nghiệp phải thông báo bằng văn bản cho Cơ quan đăng ký kinh doanh chậm nhất là 03 ngày làm việc trước ngày tạm ngừng kinh doanh hoặc tiếp tục kinh doanh trước thời hạn đã thông báo. 2. Cơ quan đăng ký kinh doanh, cơ quan nhà nước có thẩm quyền yêu cầu doanh nghiệp tạm ngừng, đình chỉ hoạt động, chấm dứt kinh doanh trong trường hợp sau đây: a) Tạm ngừng hoặc chấm dứt kinh doanh ngành, nghề kinh doanh có điều kiện, ngành, nghề tiếp cận thị trường có điều kiện đối với nhà đầu tư nước ngoài khi phát hiện doanh nghiệp không có đủ điều kiện tương ứng theo quy định của pháp luật; b) Tạm ngừng kinh doanh theo yêu cầu của cơ quan có liên quan theo quy định của pháp luật về quản lý thuế, môi trường và quy định khác của pháp luật có liên quan; c) Đình chỉ hoạt động, chấm dứt kinh doanh một, một số ngành, nghề kinh doanh hoặc trong một số lĩnh vực theo quyết định của Tòa án. 3. Trong thời gian tạm ngừng kinh doanh,...""

--- Trích dẫn 3 ---
- Văn bản: Phê duyệt Điều lệ tổ chức và hoạt động của Công ty trách nhiệm 
hữu hạn một thành viên Xổ số Kiến thiết Ninh Thuận (Số: 71/2014/QĐ-UBND)
- Trạng thái: Còn hiệu lực
- Điều/Khoản: Điều 36
- Nội dung: ""[Phê duyệt Điều lệ tổ chức và hoạt động của Công ty trách nhiệm 
hữu hạn một thành viên Xổ số Kiến thiết Ninh Thuận > Chương VI]
Tạm ngừng kinh doanh 1. Chủ sở hữu quyết định việc tạm ngừng kinh doanh của Công ty theo đề nghị của Chủ tịch Công ty. Quyết định tạm ngừng kinh doanh của chủ sở hữu công ty phải được lập thành văn bản. 2. Công ty tổ chức thực hiện tạm ngừng kinh doanh theo quyết định của Chủ sở hữu công ty phù hợp với Điều 156 của Luật Doanh nghiệp, Điều 23 của Nghị định số 172/2013/NĐ-CP, pháp luật về thành lập doanh nghiệp, pháp luật về thuế và pháp luật có liên quan""

--- Trích dẫn 4 ---
- Văn bản: Về trình tự, thủ tục cấp, quản lý, sử dụng Giấy chứng nhận đủ điều kiện kinh doanh dịch vụ kiểm toán (Số: 203/2012/TT-BTC)
- Trạng thái: Hết hiệu lực một phần
- Điều/Khoản: Điều 14
- Nội dung: ""[Về trình tự, thủ tục cấp, quản lý, sử dụng Giấy chứng nhận đủ điều kiện kinh doanh dịch vụ kiểm toán > Chương II]
Tạm ngừng kinh doanh dịch vụ kiểm toán 1. Doanh nghiệp kiểm toán muốn tạm ngừng kinh doanh dịch vụ kiểm toán phải gửi thông báo về việc tạm ngừng kinh doanh dịch vụ kiểm toán (theo mẫu quy định tại Phụ lục XI) đến Bộ Tài chính ít nhất 15 ngày trước ngày dự định tạm ngừng kinh doanh. 2. Danh sách doanh nghiệp kiểm toán tạm ngừng kinh doanh dịch vụ kiểm toán được công khai trên trang thông tin điện tử của Bộ Tài chính. 3. Khi hoạt động trở lại, doanh nghiệp kiểm toán phải bảo đảm điều kiện theo quy định của pháp luật và phải thông báo bằng văn bản cho Bộ Tài chính chậm nhất là 10 ngày trước ngày hoạt động trở lại""

--- Trích dẫn 5 ---
- Văn bản: Về đăng ký kinh doanh (Số: 02/2000/NĐ-CP)
- Trạng thái: Còn hiệu lực
- Điều/Khoản: Điều 15
- Nội dung: ""[Về đăng ký kinh doanh > Chương III]
Thông báo tạm ngừng hoạt động Doanh nghiệp tạm ngừng hoạt động phải thông báo bằng văn bản cho Phòng đăng ký kinh doanh cấp tỉnh nơi doanh nghiệp đã đăng ký và cơ quan thuế ít nhất mười lăm ngày trước khi tạm ngừng hoạt động. Nội dung thông báo gồm có: 1- Tên doanh nghiệp, số đăng ký kinh doanh và ngày cấp Giấy chứng nhận đăng ký kinh doanh; 2- Địa chỉ trụ sở chính của doanh nghiệp ; 3- Ngành, nghề kinh doanh; 4- Thời hạn tạm ngừng hoạt động, ngày bắt đầu và ngày kết thúc thời hạn tạm ngừng hoạt động. 5- Lý do tạm ngừng hoạt động. Phòng đăng ký kinh doanh cấp tỉnh nhận thông báo và ghi vào sổ theo dõi"""
